Entity,Code,Year,"Smoking prevalence, total (ages 15+)","Smoking prevalence, total (ages 15+)",Year,Continent
Abkhazia,OWID_ABK,2015,,,,Asia
Afghanistan,AFG,2015,,,,Asia
Akrotiri and Dhekelia,OWID_AKD,2015,,,,Asia
Albania,ALB,2000,34.8,28.7,2016,
Albania,ALB,2005,32.7,28.7,2016,
Albania,ALB,2010,31.2,28.7,2016,
Albania,ALB,2011,30.7,28.7,2016,
Albania,ALB,2012,30.2,28.7,2016,
Albania,ALB,2013,29.8,28.7,2016,
Albania,ALB,2014,29.5,28.7,2016,
Albania,ALB,2015,29.1,28.7,2016,Europe
Albania,ALB,2016,28.7,28.7,2016,
Algeria,DZA,2000,16.6,15.6,2016,
Algeria,DZA,2005,15.5,15.6,2016,
Algeria,DZA,2010,15.2,15.6,2016,
Algeria,DZA,2011,15.2,15.6,2016,
Algeria,DZA,2012,15.3,15.6,2016,
Algeria,DZA,2013,15.3,15.6,2016,
Algeria,DZA,2014,15.4,15.6,2016,
Algeria,DZA,2015,15.5,15.6,2016,Africa
Algeria,DZA,2016,15.6,15.6,2016,
American Samoa,ASM,2015,,,,Oceania
Andorra,AND,2000,37.4,33.5,2016,
Andorra,AND,2005,36,33.5,2016,
Andorra,AND,2010,34.8,33.5,2016,
Andorra,AND,2011,34.5,33.5,2016,
Andorra,AND,2012,34.2,33.5,2016,
Andorra,AND,2013,34.1,33.5,2016,
Andorra,AND,2014,33.9,33.5,2016,
Andorra,AND,2015,33.7,33.5,2016,Europe
Andorra,AND,2016,33.5,33.5,2016,
Angola,AGO,2015,,,,Africa
Anguilla,AIA,2015,,,,North America
Antarctica,ATA,2015,,,,Antarctica
Antigua and Barbuda,ATG,2015,,,,North America
Arab World,,2000,18.9974506886891,21.9545923228461,2016,
Arab World,,2005,19.3413760401429,21.9545923228461,2016,
Arab World,,2011,20.6535373968869,21.9545923228461,2016,
Arab World,,2012,20.8480399442786,21.9545923228461,2016,
Arab World,,2013,21.1090068001293,21.9545923228461,2016,
Arab World,,2014,21.4252479611989,21.9545923228461,2016,
Arab World,,2015,21.703189005622,21.9545923228461,2016,
Arab World,,2016,21.9545923228461,21.9545923228461,2016,
Argentina,ARG,2000,41.4,21.8,2016,
Argentina,ARG,2005,33.7,21.8,2016,
Argentina,ARG,2010,27.5,21.8,2016,
Argentina,ARG,2011,26.3,21.8,2016,
Argentina,ARG,2012,25.4,21.8,2016,
Argentina,ARG,2013,24.4,21.8,2016,
Argentina,ARG,2014,23.5,21.8,2016,
Argentina,ARG,2015,22.5,21.8,2016,South America
Argentina,ARG,2016,21.8,21.8,2016,
Armenia,ARM,2000,31.8,24.1,2016,
Armenia,ARM,2005,30.3,24.1,2016,
Armenia,ARM,2010,29.3,24.1,2016,
Armenia,ARM,2011,28.7,24.1,2016,
Armenia,ARM,2012,27.5,24.1,2016,
Armenia,ARM,2013,26.5,24.1,2016,
Armenia,ARM,2014,25.5,24.1,2016,
Armenia,ARM,2015,24.5,24.1,2016,Asia
Armenia,ARM,2016,24.1,24.1,2016,
Aruba,ABW,2015,,,,North America
Australia,AUS,2000,24.5,14.7,2016,
Australia,AUS,2005,20.9,14.7,2016,
Australia,AUS,2010,17.8,14.7,2016,
Australia,AUS,2011,17.2,14.7,2016,
Australia,AUS,2012,16.7,14.7,2016,
Australia,AUS,2013,16.2,14.7,2016,
Australia,AUS,2014,15.7,14.7,2016,
Australia,AUS,2015,15.2,14.7,2016,Oceania
Australia,AUS,2016,14.7,14.7,2016,
Austria,AUT,2000,49.1,29.6,2016,
Austria,AUT,2005,41.9,29.6,2016,
Austria,AUT,2010,35.7,29.6,2016,
Austria,AUT,2011,34.6,29.6,2016,
Austria,AUT,2012,33.6,29.6,2016,
Austria,AUT,2013,32.4,29.6,2016,
Austria,AUT,2014,31.4,29.6,2016,
Austria,AUT,2015,30.6,29.6,2016,Europe
Austria,AUT,2016,29.6,29.6,2016,
Austria-Hungary,OWID_AUH,2015,,,,Europe
Azerbaijan,AZE,2000,26.7,20.8,2016,
Azerbaijan,AZE,2005,24.7,20.8,2016,
Azerbaijan,AZE,2010,22.9,20.8,2016,
Azerbaijan,AZE,2011,22.4,20.8,2016,
Azerbaijan,AZE,2012,22.2,20.8,2016,
Azerbaijan,AZE,2013,21.8,20.8,2016,
Azerbaijan,AZE,2014,21.5,20.8,2016,
Azerbaijan,AZE,2015,21.3,20.8,2016,Asia
Azerbaijan,AZE,2016,20.8,20.8,2016,
Baden,OWID_BAD,2015,,,,Europe
Bahamas,BHS,2000,10.6,11.5,2016,
Bahamas,BHS,2005,10.7,11.5,2016,
Bahamas,BHS,2010,10.9,11.5,2016,
Bahamas,BHS,2011,11,11.5,2016,
Bahamas,BHS,2012,11.1,11.5,2016,
Bahamas,BHS,2013,11.2,11.5,2016,
Bahamas,BHS,2014,11.2,11.5,2016,
Bahamas,BHS,2015,11.4,11.5,2016,North America
Bahamas,BHS,2016,11.5,11.5,2016,
Bahrain,BHR,2000,22.4,26.4,2016,
Bahrain,BHR,2005,23.7,26.4,2016,
Bahrain,BHR,2010,25,26.4,2016,
Bahrain,BHR,2011,25.2,26.4,2016,
Bahrain,BHR,2012,25.4,26.4,2016,
Bahrain,BHR,2013,25.6,26.4,2016,
Bahrain,BHR,2014,25.8,26.4,2016,
Bahrain,BHR,2015,26,26.4,2016,Asia
Bahrain,BHR,2016,26.4,26.4,2016,
Bangladesh,BGD,2000,31.4,23,2016,
Bangladesh,BGD,2005,28.2,23,2016,
Bangladesh,BGD,2010,25.3,23,2016,
Bangladesh,BGD,2011,24.8,23,2016,
Bangladesh,BGD,2012,24.4,23,2016,
Bangladesh,BGD,2013,24,23,2016,
Bangladesh,BGD,2014,23.5,23,2016,
Bangladesh,BGD,2015,23.2,23,2016,Asia
Bangladesh,BGD,2016,23,23,2016,
Barbados,BRB,2000,8.3,7.8,2016,
Barbados,BRB,2005,8,7.8,2016,
Barbados,BRB,2010,7.9,7.8,2016,
Barbados,BRB,2011,7.9,7.8,2016,
Barbados,BRB,2012,7.9,7.8,2016,
Barbados,BRB,2013,7.9,7.8,2016,
Barbados,BRB,2014,7.8,7.8,2016,
Barbados,BRB,2015,7.8,7.8,2016,North America
Barbados,BRB,2016,7.8,7.8,2016,
Bavaria,OWID_BAV,2015,,,,Europe
Belarus,BLR,2000,36.7,26.7,2016,
Belarus,BLR,2005,33.1,26.7,2016,
Belarus,BLR,2010,29.9,26.7,2016,
Belarus,BLR,2011,29.4,26.7,2016,
Belarus,BLR,2012,28.8,26.7,2016,
Belarus,BLR,2013,28.2,26.7,2016,
Belarus,BLR,2014,27.7,26.7,2016,
Belarus,BLR,2015,27.2,26.7,2016,Europe
Belarus,BLR,2016,26.7,26.7,2016,
Belgium,BEL,2000,37.4,28.2,2016,
Belgium,BEL,2005,34.1,28.2,2016,
Belgium,BEL,2010,31.1,28.2,2016,
Belgium,BEL,2011,30.6,28.2,2016,
Belgium,BEL,2012,30.1,28.2,2016,
Belgium,BEL,2013,29.6,28.2,2016,
Belgium,BEL,2014,29.1,28.2,2016,
Belgium,BEL,2015,28.6,28.2,2016,Europe
Belgium,BEL,2016,28.2,28.2,2016,
Belize,BLZ,2015,,,,North America
Benin,BEN,2000,9.1,6.4,2016,
Benin,BEN,2005,8.1,6.4,2016,
Benin,BEN,2010,7.2,6.4,2016,
Benin,BEN,2011,7.1,6.4,2016,
Benin,BEN,2012,6.9,6.4,2016,
Benin,BEN,2013,6.8,6.4,2016,
Benin,BEN,2014,6.7,6.4,2016,
Benin,BEN,2015,6.5,6.4,2016,Africa
Benin,BEN,2016,6.4,6.4,2016,
Bermuda,BMU,2015,,,,North America
Bhutan,BTN,2015,,,,Asia
Bolivia,BOL,2015,,,,South America
Bonaire Sint Eustatius and Saba,BES,2015,,,,North America
Bosnia and Herzegovina,BIH,2000,47.7,38.9,2016,
Bosnia and Herzegovina,BIH,2005,44.3,38.9,2016,
Bosnia and Herzegovina,BIH,2010,41.7,38.9,2016,
Bosnia and Herzegovina,BIH,2011,41.2,38.9,2016,
Bosnia and Herzegovina,BIH,2012,40.7,38.9,2016,
Bosnia and Herzegovina,BIH,2013,40.2,38.9,2016,
Bosnia and Herzegovina,BIH,2014,39.7,38.9,2016,
Bosnia and Herzegovina,BIH,2015,39.4,38.9,2016,Europe
Bosnia and Herzegovina,BIH,2016,38.9,38.9,2016,
Botswana,BWA,2000,19.5,20,2016,
Botswana,BWA,2005,19.5,20,2016,
Botswana,BWA,2010,19.7,20,2016,
Botswana,BWA,2011,19.7,20,2016,
Botswana,BWA,2012,19.7,20,2016,
Botswana,BWA,2013,19.7,20,2016,
Botswana,BWA,2014,19.7,20,2016,
Botswana,BWA,2015,19.7,20,2016,Africa
Botswana,BWA,2016,20,20,2016,
Bouvet Island,BVT,2015,,,,Antarctica
Brazil,BRA,2000,25.2,13.9,2016,
Brazil,BRA,2005,20.8,13.9,2016,
Brazil,BRA,2010,17.2,13.9,2016,
Brazil,BRA,2011,16.7,13.9,2016,
Brazil,BRA,2012,16,13.9,2016,
Brazil,BRA,2013,15.5,13.9,2016,
Brazil,BRA,2014,14.9,13.9,2016,
Brazil,BRA,2015,14.3,13.9,2016,South America
Brazil,BRA,2016,13.9,13.9,2016,
British Indian Ocean Territory,IOT,2015,,,,Asia
British Virgin Islands,VGB,2015,,,,North America
Brunei,BRN,2000,17,16.9,2016,
Brunei,BRN,2005,16.8,16.9,2016,
Brunei,BRN,2010,16.9,16.9,2016,
Brunei,BRN,2011,17,16.9,2016,
Brunei,BRN,2012,16.9,16.9,2016,
Brunei,BRN,2013,16.9,16.9,2016,
Brunei,BRN,2014,16.9,16.9,2016,
Brunei,BRN,2015,16.9,16.9,2016,Asia
Brunei,BRN,2016,16.9,16.9,2016,
Bulgaria,BGR,2000,52,37,2016,
Bulgaria,BGR,2005,46.4,37,2016,
Bulgaria,BGR,2010,41.8,37,2016,
Bulgaria,BGR,2011,40.9,37,2016,
Bulgaria,BGR,2012,39.9,37,2016,
Bulgaria,BGR,2013,39.3,37,2016,
Bulgaria,BGR,2014,38.5,37,2016,
Bulgaria,BGR,2015,37.7,37,2016,Europe
Bulgaria,BGR,2016,37,37,2016,
Burkina Faso,BFA,2000,17.2,12.5,2016,
Burkina Faso,BFA,2005,15,12.5,2016,
Burkina Faso,BFA,2010,13.6,12.5,2016,
Burkina Faso,BFA,2011,13.3,12.5,2016,
Burkina Faso,BFA,2012,13.2,12.5,2016,
Burkina Faso,BFA,2013,13,12.5,2016,
Burkina Faso,BFA,2014,12.8,12.5,2016,
Burkina Faso,BFA,2015,12.7,12.5,2016,Africa
Burkina Faso,BFA,2016,12.5,12.5,2016,
Burundi,BDI,2015,,,,Africa
Cambodia,KHM,2000,30.1,17.2,2016,
Cambodia,KHM,2005,25.1,17.2,2016,
Cambodia,KHM,2010,21,17.2,2016,
Cambodia,KHM,2011,20.3,17.2,2016,
Cambodia,KHM,2012,19.7,17.2,2016,
Cambodia,KHM,2013,18.9,17.2,2016,
Cambodia,KHM,2014,18.3,17.2,2016,
Cambodia,KHM,2015,17.7,17.2,2016,Asia
Cambodia,KHM,2016,17.2,17.2,2016,
Cameroon,CMR,2015,,,,Africa
Canada,CAN,2000,28.2,14.3,2016,
Canada,CAN,2005,22.8,14.3,2016,
Canada,CAN,2010,18.4,14.3,2016,
Canada,CAN,2011,17.6,14.3,2016,
Canada,CAN,2012,16.9,14.3,2016,
Canada,CAN,2013,16.3,14.3,2016,
Canada,CAN,2014,15.6,14.3,2016,
Canada,CAN,2015,15,14.3,2016,North America
Canada,CAN,2016,14.3,14.3,2016,
Cape Verde,CPV,2000,13,9.1,2016,
Cape Verde,CPV,2005,11.4,9.1,2016,
Cape Verde,CPV,2010,10.2,9.1,2016,
Cape Verde,CPV,2011,10,9.1,2016,
Cape Verde,CPV,2012,9.8,9.1,2016,
Cape Verde,CPV,2013,9.6,9.1,2016,
Cape Verde,CPV,2014,9.5,9.1,2016,
Cape Verde,CPV,2015,9.3,9.1,2016,Africa
Cape Verde,CPV,2016,9.1,9.1,2016,
Cayman Islands,CYM,2015,,,,North America
Central African Republic,CAF,2015,,,,Africa
Central Europe and the Baltics,,2000,39.5140030481113,30.3936704715374,2016,
Central Europe and the Baltics,,2005,36.1538844028692,30.3936704715374,2016,
Central Europe and the Baltics,,2010,33.2271435711747,30.3936704715374,2016,
Central Europe and the Baltics,,2011,32.7515619379105,30.3936704715374,2016,
Central Europe and the Baltics,,2012,32.2335587158992,30.3936704715374,2016,
Central Europe and the Baltics,,2013,31.7742698076323,30.3936704715374,2016,
Central Europe and the Baltics,,2014,31.2453383392854,30.3936704715374,2016,
Central Europe and the Baltics,,2015,30.8047327727808,30.3936704715374,2016,
Central Europe and the Baltics,,2016,30.3936704715374,30.3936704715374,2016,
Chad,TCD,2015,,,,Africa
Channel Islands,OWID_CIS,2015,,,,Europe
Chile,CHL,2000,56.6,37.8,2016,
Chile,CHL,2005,49.6,37.8,2016,
Chile,CHL,2010,43.6,37.8,2016,
Chile,CHL,2011,42.6,37.8,2016,
Chile,CHL,2012,41.5,37.8,2016,
Chile,CHL,2013,40.6,37.8,2016,
Chile,CHL,2014,39.6,37.8,2016,
Chile,CHL,2015,38.7,37.8,2016,South America
Chile,CHL,2016,37.8,37.8,2016,
China,CHN,2000,30.1,25.6,2016,
China,CHN,2005,28.5,25.6,2016,
China,CHN,2010,27.1,25.6,2016,
China,CHN,2011,26.7,25.6,2016,
China,CHN,2012,26.7,25.6,2016,
China,CHN,2013,26.4,25.6,2016,
China,CHN,2014,26.1,25.6,2016,
China,CHN,2015,25.8,25.6,2016,Asia
China,CHN,2016,25.6,25.6,2016,
Christmas Island,CXR,2015,,,,Asia
Cocos Islands,CCK,2015,,,,Asia
Colombia,COL,2000,20.1,9,2016,
Colombia,COL,2005,15.4,9,2016,
Colombia,COL,2010,12,9,2016,
Colombia,COL,2011,11.5,9,2016,
Colombia,COL,2012,10.9,9,2016,
Colombia,COL,2013,10.4,9,2016,
Colombia,COL,2014,9.9,9,2016,
Colombia,COL,2015,9.5,9,2016,South America
Colombia,COL,2016,9,9,2016,
Comoros,COM,2000,21.1,14,2016,
Comoros,COM,2005,18.3,14,2016,
Comoros,COM,2010,16.1,14,2016,
Comoros,COM,2011,15.7,14,2016,
Comoros,COM,2012,15.3,14,2016,
Comoros,COM,2013,15,14,2016,
Comoros,COM,2014,14.7,14,2016,
Comoros,COM,2015,14.4,14,2016,Africa
Comoros,COM,2016,14,14,2016,
Congo,COG,2000,5.7,26.9,2016,
Congo,COG,2005,9.1,26.9,2016,
Congo,COG,2010,14.7,26.9,2016,
Congo,COG,2011,16.1,26.9,2016,
Congo,COG,2012,17.9,26.9,2016,
Congo,COG,2013,19.8,26.9,2016,
Congo,COG,2014,22,26.9,2016,
Congo,COG,2015,24.2,26.9,2016,Africa
Congo,COG,2016,26.9,26.9,2016,
Cook Islands,COK,2015,,,,Oceania
Costa Rica,CRI,2000,18,11.9,2016,
Costa Rica,CRI,2005,15.7,11.9,2016,
Costa Rica,CRI,2010,13.7,11.9,2016,
Costa Rica,CRI,2011,13.4,11.9,2016,
Costa Rica,CRI,2012,13.1,11.9,2016,
Costa Rica,CRI,2013,12.7,11.9,2016,
Costa Rica,CRI,2014,12.4,11.9,2016,
Costa Rica,CRI,2015,12.1,11.9,2016,North America
Costa Rica,CRI,2016,11.9,11.9,2016,
Cote d'Ivoire,CIV,2015,,,,Africa
Croatia,HRV,2000,33.1,37,2016,
Croatia,HRV,2005,34.3,37,2016,
Croatia,HRV,2010,35.3,37,2016,
Croatia,HRV,2011,35.6,37,2016,
Croatia,HRV,2012,35.7,37,2016,
Croatia,HRV,2013,36.1,37,2016,
Croatia,HRV,2014,36.4,37,2016,
Croatia,HRV,2015,36.7,37,2016,Europe
Croatia,HRV,2016,37,37,2016,
Cuba,CUB,2000,45.7,35.2,2016,
Cuba,CUB,2005,41.6,35.2,2016,
Cuba,CUB,2010,38.4,35.2,2016,
Cuba,CUB,2011,37.7,35.2,2016,
Cuba,CUB,2012,37.2,35.2,2016,
Cuba,CUB,2013,36.5,35.2,2016,
Cuba,CUB,2014,36.1,35.2,2016,
Cuba,CUB,2015,35.9,35.2,2016,North America
Cuba,CUB,2016,35.2,35.2,2016,
Curacao,CUW,2015,,,,North America
Cyprus,CYP,2000,42.4,36.4,2016,
Cyprus,CYP,2005,40.3,36.4,2016,
Cyprus,CYP,2010,38.3,36.4,2016,
Cyprus,CYP,2011,38,36.4,2016,
Cyprus,CYP,2012,37.5,36.4,2016,
Cyprus,CYP,2013,37.3,36.4,2016,
Cyprus,CYP,2014,36.9,36.4,2016,
Cyprus,CYP,2015,36.7,36.4,2016,Europe
Cyprus,CYP,2016,36.4,36.4,2016,
Czechia,CZE,2000,34.1,34.3,2016,
Czechia,CZE,2005,34.3,34.3,2016,
Czechia,CZE,2010,34.3,34.3,2016,
Czechia,CZE,2011,34.2,34.3,2016,
Czechia,CZE,2012,34.3,34.3,2016,
Czechia,CZE,2013,34.3,34.3,2016,
Czechia,CZE,2014,34.2,34.3,2016,
Czechia,CZE,2015,34.3,34.3,2016,Europe
Czechia,CZE,2016,34.3,34.3,2016,
Czechoslovakia,OWID_CZS,2015,,,,Europe
Democratic Republic of Congo,COD,2015,,,,Africa
Denmark,DNK,2000,38.3,19.1,2016,
Denmark,DNK,2005,30.7,19.1,2016,
Denmark,DNK,2010,24.7,19.1,2016,
Denmark,DNK,2011,23.6,19.1,2016,
Denmark,DNK,2012,22.5,19.1,2016,
Denmark,DNK,2013,21.7,19.1,2016,
Denmark,DNK,2014,20.7,19.1,2016,
Denmark,DNK,2015,19.9,19.1,2016,Europe
Denmark,DNK,2016,19.1,19.1,2016,
Djibouti,DJI,2000,17.6,13.1,2016,
Djibouti,DJI,2005,16,13.1,2016,
Djibouti,DJI,2010,14.5,13.1,2016,
Djibouti,DJI,2011,14.3,13.1,2016,
Djibouti,DJI,2012,14,13.1,2016,
Djibouti,DJI,2013,13.7,13.1,2016,
Djibouti,DJI,2014,13.6,13.1,2016,
Djibouti,DJI,2015,13.3,13.1,2016,Africa
Djibouti,DJI,2016,13.1,13.1,2016,
Dominica,DMA,2015,,,,North America
Dominican Republic,DOM,2000,18.7,13.7,2016,
Dominican Republic,DOM,2005,16.8,13.7,2016,
Dominican Republic,DOM,2010,15.2,13.7,2016,
Dominican Republic,DOM,2011,14.9,13.7,2016,
Dominican Republic,DOM,2012,14.6,13.7,2016,
Dominican Republic,DOM,2013,14.4,13.7,2016,
Dominican Republic,DOM,2014,14.1,13.7,2016,
Dominican Republic,DOM,2015,13.9,13.7,2016,North America
Dominican Republic,DOM,2016,13.7,13.7,2016,
Early-demographic dividend,,2000,23.9122808376091,17.0267090107076,2016,
Early-demographic dividend,,2005,21.0447365921095,17.0267090107076,2016,
Early-demographic dividend,,2010,18.9371946668616,17.0267090107076,2016,
Early-demographic dividend,,2011,18.5187735040264,17.0267090107076,2016,
Early-demographic dividend,,2012,18.2092794574129,17.0267090107076,2016,
Early-demographic dividend,,2013,17.8710932989768,17.0267090107076,2016,
Early-demographic dividend,,2014,17.5538325216189,17.0267090107076,2016,
Early-demographic dividend,,2015,17.2857602471787,17.0267090107076,2016,
Early-demographic dividend,,2016,17.0267090107076,17.0267090107076,2016,
East Asia & Pacific,,2000,30.5290305212317,26.2282187742307,2016,
East Asia & Pacific,,2005,28.849655193693,26.2282187742307,2016,
East Asia & Pacific,,2010,27.5682519130104,26.2282187742307,2016,
East Asia & Pacific,,2011,27.200723690932,26.2282187742307,2016,
East Asia & Pacific,,2012,27.1419971369323,26.2282187742307,2016,
East Asia & Pacific,,2013,26.8782866050183,26.2282187742307,2016,
East Asia & Pacific,,2014,26.6425366467324,26.2282187742307,2016,
East Asia & Pacific,,2015,26.4030916319119,26.2282187742307,2016,
East Asia & Pacific,,2016,26.2282187742307,26.2282187742307,2016,
East Asia & Pacific (IDA & IBRD),,2000,30.3471793987695,26.7061618321705,2016,
East Asia & Pacific (IDA & IBRD),,2005,28.928970741311,26.7061618321705,2016,
East Asia & Pacific (IDA & IBRD),,2010,27.8550828774588,26.7061618321705,2016,
East Asia & Pacific (IDA & IBRD),,2011,27.5163513165422,26.7061618321705,2016,
East Asia & Pacific (IDA & IBRD),,2012,27.5020439194144,26.7061618321705,2016,
East Asia & Pacific (IDA & IBRD),,2013,27.2665680833262,26.7061618321705,2016,
East Asia & Pacific (IDA & IBRD),,2014,27.0590612231146,26.7061618321705,2016,
East Asia & Pacific (IDA & IBRD),,2015,26.8500094103695,26.7061618321705,2016,
East Asia & Pacific (IDA & IBRD),,2016,26.7061618321705,26.7061618321705,2016,
East Asia & Pacific (excluding high income),,2000,30.3471793987695,26.7061618321705,2016,
East Asia & Pacific (excluding high income),,2005,28.928970741311,26.7061618321705,2016,
East Asia & Pacific (excluding high income),,2010,27.8550828774588,26.7061618321705,2016,
East Asia & Pacific (excluding high income),,2011,27.5163513165422,26.7061618321705,2016,
East Asia & Pacific (excluding high income),,2012,27.5020439194144,26.7061618321705,2016,
East Asia & Pacific (excluding high income),,2013,27.2665680833262,26.7061618321705,2016,
East Asia & Pacific (excluding high income),,2014,27.0590612231146,26.7061618321705,2016,
East Asia & Pacific (excluding high income),,2015,26.8500094103695,26.7061618321705,2016,
East Asia & Pacific (excluding high income),,2016,26.7061618321705,26.7061618321705,2016,
East Germany,OWID_GDR,2015,,,,Europe
Ecuador,ECU,2000,13.9,7.1,2016,
Ecuador,ECU,2005,11.2,7.1,2016,
Ecuador,ECU,2010,9,7.1,2016,
Ecuador,ECU,2011,8.7,7.1,2016,
Ecuador,ECU,2012,8.4,7.1,2016,
Ecuador,ECU,2013,8,7.1,2016,
Ecuador,ECU,2014,7.7,7.1,2016,
Ecuador,ECU,2015,7.4,7.1,2016,South America
Ecuador,ECU,2016,7.1,7.1,2016,
Egypt,EGY,2000,17.6,25.2,2016,
Egypt,EGY,2005,19.3,25.2,2016,
Egypt,EGY,2010,21.8,25.2,2016,
Egypt,EGY,2011,22.2,25.2,2016,
Egypt,EGY,2012,22.6,25.2,2016,
Egypt,EGY,2013,23.3,25.2,2016,
Egypt,EGY,2014,24,25.2,2016,
Egypt,EGY,2015,24.6,25.2,2016,Africa
Egypt,EGY,2016,25.2,25.2,2016,
El Salvador,SLV,2000,16,9.9,2016,
El Salvador,SLV,2005,13.5,9.9,2016,
El Salvador,SLV,2010,11.6,9.9,2016,
El Salvador,SLV,2011,11.3,9.9,2016,
El Salvador,SLV,2012,11,9.9,2016,
El Salvador,SLV,2013,10.7,9.9,2016,
El Salvador,SLV,2014,10.3,9.9,2016,
El Salvador,SLV,2015,10.1,9.9,2016,North America
El Salvador,SLV,2016,9.9,9.9,2016,
Equatorial Guinea,GNQ,2015,,,,Africa
Eritrea,ERI,2000,8.7,5.7,2016,
Eritrea,ERI,2005,7.6,5.7,2016,
Eritrea,ERI,2010,6.7,5.7,2016,
Eritrea,ERI,2011,6.5,5.7,2016,
Eritrea,ERI,2012,6.4,5.7,2016,
Eritrea,ERI,2013,6.3,5.7,2016,
Eritrea,ERI,2014,6.1,5.7,2016,
Eritrea,ERI,2015,5.9,5.7,2016,Africa
Eritrea,ERI,2016,5.7,5.7,2016,
Eritrea and Ethiopia,OWID_ERE,2015,,,,Africa
Estonia,EST,2000,39.6,31.3,2016,
Estonia,EST,2005,36.8,31.3,2016,
Estonia,EST,2010,34.2,31.3,2016,
Estonia,EST,2011,33.6,31.3,2016,
Estonia,EST,2012,33.2,31.3,2016,
Estonia,EST,2013,32.7,31.3,2016,
Estonia,EST,2014,32.3,31.3,2016,
Estonia,EST,2015,31.8,31.3,2016,Europe
Estonia,EST,2016,31.3,31.3,2016,
Eswatini,SWZ,2000,9.3,9,2016,
Eswatini,SWZ,2005,9.1,9,2016,
Eswatini,SWZ,2010,9,9,2016,
Eswatini,SWZ,2011,9,9,2016,
Eswatini,SWZ,2012,9,9,2016,
Eswatini,SWZ,2013,9,9,2016,
Eswatini,SWZ,2014,9,9,2016,
Eswatini,SWZ,2015,9,9,2016,Africa
Eswatini,SWZ,2016,9,9,2016,
Ethiopia,ETH,2000,4.8,4.4,2016,
Ethiopia,ETH,2005,4.6,4.4,2016,
Ethiopia,ETH,2010,4.5,4.4,2016,
Ethiopia,ETH,2011,4.4,4.4,2016,
Ethiopia,ETH,2012,4.5,4.4,2016,
Ethiopia,ETH,2013,4.4,4.4,2016,
Ethiopia,ETH,2014,4.4,4.4,2016,
Ethiopia,ETH,2015,4.4,4.4,2016,Africa
Ethiopia,ETH,2016,4.4,4.4,2016,
Euro area,,2000,34.9525272049682,29.1487090213109,2016,
Euro area,,2005,32.9215529124243,29.1487090213109,2016,
Euro area,,2010,31.0833183555958,29.1487090213109,2016,
Euro area,,2011,30.7883650380183,29.1487090213109,2016,
Euro area,,2012,30.4061961195589,29.1487090213109,2016,
Euro area,,2013,30.0516807294753,29.1487090213109,2016,
Euro area,,2014,29.7571417899347,29.1487090213109,2016,
Euro area,,2015,29.4256245468818,29.1487090213109,2016,
Euro area,,2016,29.1487090213109,29.1487090213109,2016,
Europe & Central Asia,,2000,36.9843139436567,29.2996228553489,2016,
Europe & Central Asia,,2005,34.2747590371569,29.2996228553489,2016,
Europe & Central Asia,,2010,31.8356730462389,29.2996228553489,2016,
Europe & Central Asia,,2011,31.426029550405,29.2996228553489,2016,
Europe & Central Asia,,2012,30.9811722958428,29.2996228553489,2016,
Europe & Central Asia,,2013,30.5341659906426,29.2996228553489,2016,
Europe & Central Asia,,2014,30.1213238191762,29.2996228553489,2016,
Europe & Central Asia,,2015,29.7036861902187,29.2996228553489,2016,
Europe & Central Asia,,2016,29.2996228553489,29.2996228553489,2016,
Europe & Central Asia (IDA & IBRD),,2000,38.468401952841,30.7776776973988,2016,
Europe & Central Asia (IDA & IBRD),,2005,35.790403904067,30.7776776973988,2016,
Europe & Central Asia (IDA & IBRD),,2010,33.3380701055627,30.7776776973988,2016,
Europe & Central Asia (IDA & IBRD),,2011,32.9367445258233,30.7776776973988,2016,
Europe & Central Asia (IDA & IBRD),,2012,32.49971405673,30.7776776973988,2016,
Europe & Central Asia (IDA & IBRD),,2013,32.0558771229182,30.7776776973988,2016,
Europe & Central Asia (IDA & IBRD),,2014,31.647230164747,30.7776776973988,2016,
Europe & Central Asia (IDA & IBRD),,2015,31.2001544807004,30.7776776973988,2016,
Europe & Central Asia (IDA & IBRD),,2016,30.7776776973988,30.7776776973988,2016,
Europe & Central Asia (excluding high income),,2000,38.3001456901278,30.984793837164,2016,
Europe & Central Asia (excluding high income),,2005,35.7858036253864,30.984793837164,2016,
Europe & Central Asia (excluding high income),,2010,33.4629433372912,30.984793837164,2016,
Europe & Central Asia (excluding high income),,2011,33.0740784229008,30.984793837164,2016,
Europe & Central Asia (excluding high income),,2012,32.6569326617428,30.984793837164,2016,
Europe & Central Asia (excluding high income),,2013,32.2185389253452,30.984793837164,2016,
Europe & Central Asia (excluding high income),,2014,31.8398832983663,30.984793837164,2016,
Europe & Central Asia (excluding high income),,2015,31.3985189499742,30.984793837164,2016,
Europe & Central Asia (excluding high income),,2016,30.984793837164,30.984793837164,2016,
European Union,,2000,36.3798209755952,28.2239590847204,2016,
European Union,,2005,33.4561652028715,28.2239590847204,2016,
European Union,,2010,30.8601866366962,28.2239590847204,2016,
European Union,,2011,30.4237312102946,28.2239590847204,2016,
European Union,,2012,29.9387829003973,28.2239590847204,2016,
European Union,,2013,29.4753590327686,28.2239590847204,2016,
European Union,,2014,29.0284500480097,28.2239590847204,2016,
European Union,,2015,28.6192358702455,28.2239590847204,2016,
European Union,,2016,28.2239590847204,28.2239590847204,2016,
Faeroe Islands,FRO,2015,,,,Europe
Falkland Islands,FLK,2015,,,,South America
Fiji,FJI,2000,35.1,22.6,2016,
Fiji,FJI,2005,30.6,22.6,2016,
Fiji,FJI,2010,26.7,22.6,2016,
Fiji,FJI,2011,25.8,22.6,2016,
Fiji,FJI,2012,25.2,22.6,2016,
Fiji,FJI,2013,24.4,22.6,2016,
Fiji,FJI,2014,23.8,22.6,2016,
Fiji,FJI,2015,23.2,22.6,2016,Oceania
Fiji,FJI,2016,22.6,22.6,2016,
Finland,FIN,2000,29.7,20.4,2016,
Finland,FIN,2005,26.3,20.4,2016,
Finland,FIN,2010,23.5,20.4,2016,
Finland,FIN,2011,22.9,20.4,2016,
Finland,FIN,2012,22.4,20.4,2016,
Finland,FIN,2013,21.9,20.4,2016,
Finland,FIN,2014,21.3,20.4,2016,
Finland,FIN,2015,20.9,20.4,2016,Europe
Finland,FIN,2016,20.4,20.4,2016,
France,FRA,2000,34.9,32.7,2016,
France,FRA,2005,34.1,32.7,2016,
France,FRA,2010,33.4,32.7,2016,
France,FRA,2011,33.3,32.7,2016,
France,FRA,2012,33.1,32.7,2016,
France,FRA,2013,33,32.7,2016,
France,FRA,2014,32.9,32.7,2016,
France,FRA,2015,32.8,32.7,2016,Europe
France,FRA,2016,32.7,32.7,2016,
French Guiana,GUF,2015,,,,South America
French Polynesia,PYF,2015,,,,Oceania
French Southern Territories,ATF,2015,,,,Antarctica
Gabon,GAB,2015,,,,Africa
Gambia,GMB,2000,19.9,15.5,2016,
Gambia,GMB,2005,18.2,15.5,2016,
Gambia,GMB,2010,16.9,15.5,2016,
Gambia,GMB,2011,16.6,15.5,2016,
Gambia,GMB,2012,16.4,15.5,2016,
Gambia,GMB,2013,16.1,15.5,2016,
Gambia,GMB,2014,16,15.5,2016,
Gambia,GMB,2015,15.8,15.5,2016,Africa
Gambia,GMB,2016,15.5,15.5,2016,
Georgia,GEO,2000,32.2,28.8,2016,
Georgia,GEO,2005,30.8,28.8,2016,
Georgia,GEO,2010,29.8,28.8,2016,
Georgia,GEO,2011,29.5,28.8,2016,
Georgia,GEO,2012,29.4,28.8,2016,
Georgia,GEO,2013,29.2,28.8,2016,
Georgia,GEO,2014,28.9,28.8,2016,
Georgia,GEO,2015,28.8,28.8,2016,Asia
Georgia,GEO,2016,28.8,28.8,2016,
Germany,DEU,2000,35.3,30.6,2016,
Germany,DEU,2005,33.7,30.6,2016,
Germany,DEU,2010,32.2,30.6,2016,
Germany,DEU,2011,32,30.6,2016,
Germany,DEU,2012,31.7,30.6,2016,
Germany,DEU,2013,31.4,30.6,2016,
Germany,DEU,2014,31.1,30.6,2016,
Germany,DEU,2015,30.9,30.6,2016,Europe
Germany,DEU,2016,30.6,30.6,2016,
Ghana,GHA,2000,5.9,3.9,2016,
Ghana,GHA,2005,5,3.9,2016,
Ghana,GHA,2010,4.4,3.9,2016,
Ghana,GHA,2011,4.3,3.9,2016,
Ghana,GHA,2012,4.3,3.9,2016,
Ghana,GHA,2013,4.1,3.9,2016,
Ghana,GHA,2014,4.1,3.9,2016,
Ghana,GHA,2015,4,3.9,2016,Africa
Ghana,GHA,2016,3.9,3.9,2016,
Gibraltar,GIB,2015,,,,Europe
Greece,GRC,2000,53.5,43.4,2016,
Greece,GRC,2005,49.7,43.4,2016,
Greece,GRC,2010,46.6,43.4,2016,
Greece,GRC,2011,46.1,43.4,2016,
Greece,GRC,2012,45.3,43.4,2016,
Greece,GRC,2013,44.9,43.4,2016,
Greece,GRC,2014,44.4,43.4,2016,
Greece,GRC,2015,43.8,43.4,2016,Europe
Greece,GRC,2016,43.4,43.4,2016,
Greenland,GRL,2015,,,,North America
Grenada,GRD,2015,,,,North America
Guadeloupe,GLP,2015,,,,North America
Guam,GUM,2015,,,,Oceania
Guatemala,GTM,2015,,,,North America
Guernsey,GGY,2015,,,,Europe
Guinea,GIN,2015,,,,Africa
Guinea-Bissau,GNB,2015,,,,Africa
Guyana,GUY,2015,,,,South America
Haiti,HTI,2000,12.1,12.7,2016,
Haiti,HTI,2005,12,12.7,2016,
Haiti,HTI,2010,12.3,12.7,2016,
Haiti,HTI,2011,12.3,12.7,2016,
Haiti,HTI,2012,12.4,12.7,2016,
Haiti,HTI,2013,12.5,12.7,2016,
Haiti,HTI,2014,12.6,12.7,2016,
Haiti,HTI,2015,12.7,12.7,2016,North America
Haiti,HTI,2016,12.7,12.7,2016,
Hanover,OWID_HAN,2015,,,,Europe
Heard Island and McDonald Islands,HMD,2015,,,,Antarctica
Hesse Electoral,OWID_HSE,2015,,,,Europe
Hesse Grand Ducal,OWID_HSG,2015,,,,Europe
High income,,2000,33.7208450714694,24.02272293545,2016,
High income,,2005,30.1454709025203,24.02272293545,2016,
High income,,2010,27.069982897277,24.02272293545,2016,
High income,,2011,26.521720791213,24.02272293545,2016,
High income,,2012,26.0236355707184,24.02272293545,2016,
High income,,2013,25.479810386073,24.02272293545,2016,
High income,,2014,24.9760898995421,24.02272293545,2016,
High income,,2015,24.4885594082493,24.02272293545,2016,
High income,,2016,24.02272293545,24.02272293545,2016,
Honduras,HND,2000,3.9,2,2016,
Honduras,HND,2005,3.1,2,2016,
Honduras,HND,2010,2.5,2,2016,
Honduras,HND,2011,2.4,2,2016,
Honduras,HND,2012,2.4,2,2016,
Honduras,HND,2013,2.3,2,2016,
Honduras,HND,2014,2.2,2,2016,
Honduras,HND,2015,2.1,2,2016,North America
Honduras,HND,2016,2,2,2016,
Hong Kong,HKG,2015,,,,Asia
Hungary,HUN,2000,41.1,30.6,2016,
Hungary,HUN,2005,37.3,30.6,2016,
Hungary,HUN,2010,34.1,30.6,2016,
Hungary,HUN,2011,33.4,30.6,2016,
Hungary,HUN,2012,32.9,30.6,2016,
Hungary,HUN,2013,32.3,30.6,2016,
Hungary,HUN,2014,31.7,30.6,2016,
Hungary,HUN,2015,31.1,30.6,2016,Europe
Hungary,HUN,2016,30.6,30.6,2016,
IBRD only,,2000,27.6604505156537,20.9853320373044,2016,
IBRD only,,2005,25.0935199056909,20.9853320373044,2016,
IBRD only,,2010,23.0543646555339,20.9853320373044,2016,
IBRD only,,2011,22.6102300769064,20.9853320373044,2016,
IBRD only,,2012,22.3525939850157,20.9853320373044,2016,
IBRD only,,2013,21.9798666987197,20.9853320373044,2016,
IBRD only,,2014,21.6173923891976,20.9853320373044,2016,
IBRD only,,2015,21.2838937293107,20.9853320373044,2016,
IBRD only,,2016,20.9853320373044,20.9853320373044,2016,
IDA & IBRD total,,2000,26.542382115748,19.828623439158,2016,
IDA & IBRD total,,2005,23.9886703756861,19.828623439158,2016,
IDA & IBRD total,,2010,21.9179512052447,19.828623439158,2016,
IDA & IBRD total,,2011,21.4800487910207,19.828623439158,2016,
IDA & IBRD total,,2012,21.2033349855561,19.828623439158,2016,
IDA & IBRD total,,2013,20.8306004761889,19.828623439158,2016,
IDA & IBRD total,,2014,20.4651214734162,19.828623439158,2016,
IDA & IBRD total,,2015,20.1283297919203,19.828623439158,2016,
IDA & IBRD total,,2016,19.828623439158,19.828623439158,2016,
IDA blend,,2000,17.6031859966712,14.0381782045959,2016,
IDA blend,,2005,16.2455937829709,14.0381782045959,2016,
IDA blend,,2010,15.0740655944055,14.0381782045959,2016,
IDA blend,,2011,14.8995651922902,14.0381782045959,2016,
IDA blend,,2012,14.7091173351597,14.0381782045959,2016,
IDA blend,,2013,14.5745460712101,14.0381782045959,2016,
IDA blend,,2014,14.367477940964,14.0381782045959,2016,
IDA blend,,2015,14.1822758707635,14.0381782045959,2016,
IDA blend,,2016,14.0381782045959,14.0381782045959,2016,
IDA only,,2000,22.6075329454777,15.3365714401307,2016,
IDA only,,2005,19.8260855484457,15.3365714401307,2016,
IDA only,,2010,17.4336950888467,15.3365714401307,2016,
IDA only,,2011,16.9988224132426,15.3365714401307,2016,
IDA only,,2012,16.6510709308486,15.3365714401307,2016,
IDA only,,2013,16.2623062882014,15.3365714401307,2016,
IDA only,,2014,15.915258835573,15.3365714401307,2016,
IDA only,,2015,15.6015170555701,15.3365714401307,2016,
IDA only,,2016,15.3365714401307,15.3365714401307,2016,
IDA total,,2000,20.612829899299,14.8169054717606,2016,
IDA total,,2005,18.3932127002937,14.8169054717606,2016,
IDA total,,2010,16.4858890879417,14.8169054717606,2016,
IDA total,,2011,16.1558973022983,14.8169054717606,2016,
IDA total,,2012,15.8717211502259,14.8169054717606,2016,
IDA total,,2013,15.5852164754687,14.8169054717606,2016,
IDA total,,2014,15.2946348195301,14.8169054717606,2016,
IDA total,,2015,15.0328687649516,14.8169054717606,2016,
IDA total,,2016,14.8169054717606,14.8169054717606,2016,
Iceland,ISL,2000,30.1,14.7,2016,
Iceland,ISL,2005,24,14.7,2016,
Iceland,ISL,2010,19.1,14.7,2016,
Iceland,ISL,2011,18.4,14.7,2016,
Iceland,ISL,2012,17.6,14.7,2016,
Iceland,ISL,2013,16.8,14.7,2016,
Iceland,ISL,2014,16.1,14.7,2016,
Iceland,ISL,2015,15.4,14.7,2016,Europe
Iceland,ISL,2016,14.7,14.7,2016,
India,IND,2000,21.2,11.5,2016,
India,IND,2005,17.3,11.5,2016,
India,IND,2010,14.3,11.5,2016,
India,IND,2011,13.7,11.5,2016,
India,IND,2012,13.3,11.5,2016,
India,IND,2013,12.8,11.5,2016,
India,IND,2014,12.3,11.5,2016,
India,IND,2015,11.9,11.5,2016,Asia
India,IND,2016,11.5,11.5,2016,
Indonesia,IDN,2000,32.9,39.4,2016,
Indonesia,IDN,2005,34.6,39.4,2016,
Indonesia,IDN,2010,37.1,39.4,2016,
Indonesia,IDN,2011,37.3,39.4,2016,
Indonesia,IDN,2012,37.6,39.4,2016,
Indonesia,IDN,2013,38,39.4,2016,
Indonesia,IDN,2014,38.5,39.4,2016,
Indonesia,IDN,2015,39,39.4,2016,Asia
Indonesia,IDN,2016,39.4,39.4,2016,
Iran,IRN,2000,17.5,11,2016,
Iran,IRN,2005,14.9,11,2016,
Iran,IRN,2010,12.8,11,2016,
Iran,IRN,2011,12.5,11,2016,
Iran,IRN,2012,12.1,11,2016,
Iran,IRN,2013,11.8,11,2016,
Iran,IRN,2014,11.5,11,2016,
Iran,IRN,2015,11.3,11,2016,Asia
Iran,IRN,2016,11,11,2016,
Iraq,IRQ,2015,,,,Asia
Ireland,IRL,2000,37.8,24.3,2016,
Ireland,IRL,2005,32.8,24.3,2016,
Ireland,IRL,2010,28.7,24.3,2016,
Ireland,IRL,2011,27.9,24.3,2016,
Ireland,IRL,2012,27.1,24.3,2016,
Ireland,IRL,2013,26.4,24.3,2016,
Ireland,IRL,2014,25.7,24.3,2016,
Ireland,IRL,2015,25,24.3,2016,Europe
Ireland,IRL,2016,24.3,24.3,2016,
Isle of Man,IMN,2015,,,,Europe
Israel,ISR,2000,31.9,25.2,2016,
Israel,ISR,2005,29.4,25.2,2016,
Israel,ISR,2010,27.4,25.2,2016,
Israel,ISR,2011,27,25.2,2016,
Israel,ISR,2012,26.6,25.2,2016,
Israel,ISR,2013,26.2,25.2,2016,
Israel,ISR,2014,25.9,25.2,2016,
Israel,ISR,2015,25.6,25.2,2016,Asia
Israel,ISR,2016,25.2,25.2,2016,
Italy,ITA,2000,26.5,23.7,2016,
Italy,ITA,2005,25.6,23.7,2016,
Italy,ITA,2010,24.6,23.7,2016,
Italy,ITA,2011,24.6,23.7,2016,
Italy,ITA,2012,24.3,23.7,2016,
Italy,ITA,2013,24.1,23.7,2016,
Italy,ITA,2014,24.1,23.7,2016,
Italy,ITA,2015,23.8,23.7,2016,Europe
Italy,ITA,2016,23.7,23.7,2016,
Jamaica,JAM,2000,18.4,16.8,2016,
Jamaica,JAM,2005,17.7,16.8,2016,
Jamaica,JAM,2010,17.1,16.8,2016,
Jamaica,JAM,2011,17.1,16.8,2016,
Jamaica,JAM,2012,17,16.8,2016,
Jamaica,JAM,2013,17,16.8,2016,
Jamaica,JAM,2014,16.9,16.8,2016,
Jamaica,JAM,2015,16.8,16.8,2016,North America
Jamaica,JAM,2016,16.8,16.8,2016,
Japan,JPN,2000,33,22.1,2016,
Japan,JPN,2005,29,22.1,2016,
Japan,JPN,2010,25.6,22.1,2016,
Japan,JPN,2011,24.9,22.1,2016,
Japan,JPN,2012,24.4,22.1,2016,
Japan,JPN,2013,23.8,22.1,2016,
Japan,JPN,2014,23.2,22.1,2016,
Japan,JPN,2015,22.6,22.1,2016,Asia
Japan,JPN,2016,22.1,22.1,2016,
Jersey,JEY,2015,,,,Europe
Jordan,JOR,2015,,,,Asia
Kazakhstan,KAZ,2000,31.9,24,2016,
Kazakhstan,KAZ,2005,29.3,24,2016,
Kazakhstan,KAZ,2010,26.8,24,2016,
Kazakhstan,KAZ,2011,26.4,24,2016,
Kazakhstan,KAZ,2012,25.8,24,2016,
Kazakhstan,KAZ,2013,25.4,24,2016,
Kazakhstan,KAZ,2014,25,24,2016,
Kazakhstan,KAZ,2015,24.5,24,2016,Asia
Kazakhstan,KAZ,2016,24,24,2016,
Kenya,KEN,2000,16.6,10.7,2016,
Kenya,KEN,2005,14.4,10.7,2016,
Kenya,KEN,2010,12.5,10.7,2016,
Kenya,KEN,2011,12.3,10.7,2016,
Kenya,KEN,2012,11.9,10.7,2016,
Kenya,KEN,2013,11.6,10.7,2016,
Kenya,KEN,2014,11.3,10.7,2016,
Kenya,KEN,2015,11,10.7,2016,Africa
Kenya,KEN,2016,10.7,10.7,2016,
Kiribati,KIR,2000,73.4,47,2016,
Kiribati,KIR,2005,64.7,47,2016,
Kiribati,KIR,2010,55.7,47,2016,
Kiribati,KIR,2011,54.5,47,2016,
Kiribati,KIR,2012,52.7,47,2016,
Kiribati,KIR,2013,51.2,47,2016,
Kiribati,KIR,2014,49.8,47,2016,
Kiribati,KIR,2015,48.3,47,2016,Oceania
Kiribati,KIR,2016,47,47,2016,
Kosovo,OWID_KOS,2015,,,,Europe
Kuwait,KWT,2000,24.8,22.5,2016,
Kuwait,KWT,2005,24.4,22.5,2016,
Kuwait,KWT,2010,22.8,22.5,2016,
Kuwait,KWT,2011,22.6,22.5,2016,
Kuwait,KWT,2012,22.5,22.5,2016,
Kuwait,KWT,2013,22.5,22.5,2016,
Kuwait,KWT,2014,22.5,22.5,2016,
Kuwait,KWT,2015,22.5,22.5,2016,Asia
Kuwait,KWT,2016,22.5,22.5,2016,
Kyrgyzstan,KGZ,2000,27.3,26.5,2016,
Kyrgyzstan,KGZ,2005,27.2,26.5,2016,
Kyrgyzstan,KGZ,2010,26.6,26.5,2016,
Kyrgyzstan,KGZ,2011,26.6,26.5,2016,
Kyrgyzstan,KGZ,2012,26.7,26.5,2016,
Kyrgyzstan,KGZ,2013,26.5,26.5,2016,
Kyrgyzstan,KGZ,2014,26.6,26.5,2016,
Kyrgyzstan,KGZ,2015,26.5,26.5,2016,Asia
Kyrgyzstan,KGZ,2016,26.5,26.5,2016,
Laos,LAO,2000,42.7,28.9,2016,
Laos,LAO,2005,37.3,28.9,2016,
Laos,LAO,2010,33.1,28.9,2016,
Laos,LAO,2011,32.3,28.9,2016,
Laos,LAO,2012,31.5,28.9,2016,
Laos,LAO,2013,31.1,28.9,2016,
Laos,LAO,2014,30.2,28.9,2016,
Laos,LAO,2015,29.5,28.9,2016,Asia
Laos,LAO,2016,28.9,28.9,2016,
Late-demographic dividend,,2000,30.3968554464923,24.730691663588,2016,
Late-demographic dividend,,2005,28.3109783706395,24.730691663588,2016,
Late-demographic dividend,,2010,26.5514946039206,24.730691663588,2016,
Late-demographic dividend,,2011,26.1522029800407,24.730691663588,2016,
Late-demographic dividend,,2012,26.0019955154767,24.730691663588,2016,
Late-demographic dividend,,2013,25.6595756977229,24.730691663588,2016,
Late-demographic dividend,,2014,25.3243392688801,24.730691663588,2016,
Late-demographic dividend,,2015,24.9916714163938,24.730691663588,2016,
Late-demographic dividend,,2016,24.730691663588,24.730691663588,2016,
Latin America & Caribbean,,2000,25.7804589543478,14.3203794004239,2016,
Latin America & Caribbean,,2005,21.2871208830411,14.3203794004239,2016,
Latin America & Caribbean,,2010,17.6544228824011,14.3203794004239,2016,
Latin America & Caribbean,,2011,17.0844579897296,14.3203794004239,2016,
Latin America & Caribbean,,2012,16.4436983141238,14.3203794004239,2016,
Latin America & Caribbean,,2013,15.9037587493766,14.3203794004239,2016,
Latin America & Caribbean,,2014,15.339800499139,14.3203794004239,2016,
Latin America & Caribbean,,2015,14.7852816701307,14.3203794004239,2016,
Latin America & Caribbean,,2016,14.3203794004239,14.3203794004239,2016,
Latin America & Caribbean (IDA & IBRD),,2000,25.270214714348,13.8782390555282,2016,
Latin America & Caribbean (IDA & IBRD),,2005,20.7928334004933,13.8782390555282,2016,
Latin America & Caribbean (IDA & IBRD),,2010,17.1822652978983,13.8782390555282,2016,
Latin America & Caribbean (IDA & IBRD),,2011,16.6210598043847,13.8782390555282,2016,
Latin America & Caribbean (IDA & IBRD),,2012,15.9823282806078,13.8782390555282,2016,
Latin America & Caribbean (IDA & IBRD),,2013,15.4511412764241,13.8782390555282,2016,
Latin America & Caribbean (IDA & IBRD),,2014,14.888878625569,13.8782390555282,2016,
Latin America & Caribbean (IDA & IBRD),,2015,14.3320764430204,13.8782390555282,2016,
Latin America & Caribbean (IDA & IBRD),,2016,13.8782390555282,13.8782390555282,2016,
Latin America & Caribbean (excluding high income),,2000,23.063282173674,12.8867203289317,2016,
Latin America & Caribbean (excluding high income),,2005,19.0857872090049,12.8867203289317,2016,
Latin America & Caribbean (excluding high income),,2010,15.8577821772906,12.8867203289317,2016,
Latin America & Caribbean (excluding high income),,2011,15.3734366430641,12.8867203289317,2016,
Latin America & Caribbean (excluding high income),,2012,14.7850155824583,12.8867203289317,2016,
Latin America & Caribbean (excluding high income),,2013,14.3099796071575,12.8867203289317,2016,
Latin America & Caribbean (excluding high income),,2014,13.8021655638203,12.8867203289317,2016,
Latin America & Caribbean (excluding high income),,2015,13.3059559068029,12.8867203289317,2016,
Latin America & Caribbean (excluding high income),,2016,12.8867203289317,12.8867203289317,2016,
Latvia,LVA,2000,38.8,37,2016,
Latvia,LVA,2005,38.2,37,2016,
Latvia,LVA,2010,37.5,37,2016,
Latvia,LVA,2011,37.5,37,2016,
Latvia,LVA,2012,37.3,37,2016,
Latvia,LVA,2013,37.3,37,2016,
Latvia,LVA,2014,37.3,37,2016,
Latvia,LVA,2015,37,37,2016,Europe
Latvia,LVA,2016,37,37,2016,
Least developed countries: UN classification,,2000,23.481570865478,15.9104457086565,2016,
Least developed countries: UN classification,,2005,20.5908364783247,15.9104457086565,2016,
Least developed countries: UN classification,,2010,18.106955513368,15.9104457086565,2016,
Least developed countries: UN classification,,2011,17.6516142943329,15.9104457086565,2016,
Least developed countries: UN classification,,2012,17.2820158023144,15.9104457086565,2016,
Least developed countries: UN classification,,2013,16.8812230074905,15.9104457086565,2016,
Least developed countries: UN classification,,2014,16.5136345364128,15.9104457086565,2016,
Least developed countries: UN classification,,2015,16.1864915096696,15.9104457086565,2016,
Least developed countries: UN classification,,2016,15.9104457086565,15.9104457086565,2016,
Lebanon,LBN,2000,37.5,33.8,2016,
Lebanon,LBN,2005,36.1,33.8,2016,
Lebanon,LBN,2010,35.1,33.8,2016,
Lebanon,LBN,2011,34.7,33.8,2016,
Lebanon,LBN,2012,34.8,33.8,2016,
Lebanon,LBN,2013,34.2,33.8,2016,
Lebanon,LBN,2014,34.2,33.8,2016,
Lebanon,LBN,2015,33.9,33.8,2016,Asia
Lebanon,LBN,2016,33.8,33.8,2016,
Lesotho,LSO,2000,17.6,26.7,2016,
Lesotho,LSO,2005,20,26.7,2016,
Lesotho,LSO,2010,22.7,26.7,2016,
Lesotho,LSO,2011,23.3,26.7,2016,
Lesotho,LSO,2012,24,26.7,2016,
Lesotho,LSO,2013,24.4,26.7,2016,
Lesotho,LSO,2014,25.3,26.7,2016,
Lesotho,LSO,2015,26,26.7,2016,Africa
Lesotho,LSO,2016,26.7,26.7,2016,
Liberia,LBR,2000,13.8,9.8,2016,
Liberia,LBR,2005,12.1,9.8,2016,
Liberia,LBR,2010,10.8,9.8,2016,
Liberia,LBR,2011,10.7,9.8,2016,
Liberia,LBR,2012,10.5,9.8,2016,
Liberia,LBR,2013,10.3,9.8,2016,
Liberia,LBR,2014,10.1,9.8,2016,
Liberia,LBR,2015,9.9,9.8,2016,Africa
Liberia,LBR,2016,9.8,9.8,2016,
Libya,LBY,2015,,,,Africa
Liechtenstein,LIE,2015,,,,Europe
Lithuania,LTU,2000,35.9,28.8,2016,
Lithuania,LTU,2005,33.4,28.8,2016,
Lithuania,LTU,2010,31.1,28.8,2016,
Lithuania,LTU,2011,30.7,28.8,2016,
Lithuania,LTU,2012,30.3,28.8,2016,
Lithuania,LTU,2013,29.9,28.8,2016,
Lithuania,LTU,2014,29.6,28.8,2016,
Lithuania,LTU,2015,29.2,28.8,2016,Europe
Lithuania,LTU,2016,28.8,28.8,2016,
Low & middle income,,2000,26.2279057236849,19.7295207726314,2016,
Low & middle income,,2005,23.7615786345345,19.7295207726314,2016,
Low & middle income,,2010,21.7589592510074,19.7295207726314,2016,
Low & middle income,,2011,21.3312337568336,19.7295207726314,2016,
Low & middle income,,2012,21.0666585301347,19.7295207726314,2016,
Low & middle income,,2013,20.7027862279111,19.7295207726314,2016,
Low & middle income,,2014,20.3480542882993,19.7295207726314,2016,
Low & middle income,,2015,20.0216318743474,19.7295207726314,2016,
Low & middle income,,2016,19.7295207726314,19.7295207726314,2016,
Lower middle income,,2000,23.5474265257672,17.4109186946201,2016,
Lower middle income,,2005,20.9830757011656,17.4109186946201,2016,
Lower middle income,,2010,19.1254538860789,17.4109186946201,2016,
Lower middle income,,2011,18.7344306223907,17.4109186946201,2016,
Lower middle income,,2012,18.476216553567,17.4109186946201,2016,
Lower middle income,,2013,18.1731771222959,17.4109186946201,2016,
Lower middle income,,2014,17.8753596151177,17.4109186946201,2016,
Lower middle income,,2015,17.6463223410499,17.4109186946201,2016,
Lower middle income,,2016,17.4109186946201,17.4109186946201,2016,
Luxembourg,LUX,2000,34.7,23.5,2016,
Luxembourg,LUX,2005,30.7,23.5,2016,
Luxembourg,LUX,2010,27,23.5,2016,
Luxembourg,LUX,2011,26.4,23.5,2016,
Luxembourg,LUX,2012,25.8,23.5,2016,
Luxembourg,LUX,2013,25.2,23.5,2016,
Luxembourg,LUX,2014,24.6,23.5,2016,
Luxembourg,LUX,2015,24.1,23.5,2016,Europe
Luxembourg,LUX,2016,23.5,23.5,2016,
Macao,MAC,2015,,,,Asia
Madagascar,MDG,2015,,,,Africa
Malawi,MWI,2000,21,14.5,2016,
Malawi,MWI,2005,18.6,14.5,2016,
Malawi,MWI,2010,16.5,14.5,2016,
Malawi,MWI,2011,16.1,14.5,2016,
Malawi,MWI,2012,15.7,14.5,2016,
Malawi,MWI,2013,15.3,14.5,2016,
Malawi,MWI,2014,15.2,14.5,2016,
Malawi,MWI,2015,14.7,14.5,2016,Africa
Malawi,MWI,2016,14.5,14.5,2016,
Malaysia,MYS,2000,28.2,21.5,2016,
Malaysia,MYS,2005,25.8,21.5,2016,
Malaysia,MYS,2010,23.7,21.5,2016,
Malaysia,MYS,2011,23.3,21.5,2016,
Malaysia,MYS,2012,22.9,21.5,2016,
Malaysia,MYS,2013,22.5,21.5,2016,
Malaysia,MYS,2014,22,21.5,2016,
Malaysia,MYS,2015,21.8,21.5,2016,Asia
Malaysia,MYS,2016,21.5,21.5,2016,
Maldives,MDV,2000,37.1,28.3,2016,
Maldives,MDV,2005,33.4,28.3,2016,
Maldives,MDV,2010,30.8,28.3,2016,
Maldives,MDV,2011,30.2,28.3,2016,
Maldives,MDV,2012,29.9,28.3,2016,
Maldives,MDV,2013,29.5,28.3,2016,
Maldives,MDV,2014,29.1,28.3,2016,
Maldives,MDV,2015,28.7,28.3,2016,Asia
Maldives,MDV,2016,28.3,28.3,2016,
Mali,MLI,2000,13,12.3,2016,
Mali,MLI,2005,12.6,12.3,2016,
Mali,MLI,2010,12.5,12.3,2016,
Mali,MLI,2011,12.4,12.3,2016,
Mali,MLI,2012,12.3,12.3,2016,
Mali,MLI,2013,12.3,12.3,2016,
Mali,MLI,2014,12.4,12.3,2016,
Mali,MLI,2015,12.3,12.3,2016,Africa
Mali,MLI,2016,12.3,12.3,2016,
Malta,MLT,2000,35.3,25.5,2016,
Malta,MLT,2005,31.7,25.5,2016,
Malta,MLT,2010,28.7,25.5,2016,
Malta,MLT,2011,28.1,25.5,2016,
Malta,MLT,2012,27.7,25.5,2016,
Malta,MLT,2013,27,25.5,2016,
Malta,MLT,2014,26.5,25.5,2016,
Malta,MLT,2015,26,25.5,2016,Europe
Malta,MLT,2016,25.5,25.5,2016,
Marshall Islands,MHL,2015,,,,Oceania
Martinique,MTQ,2015,,,,North America
Mauritania,MRT,2015,,,,Africa
Mauritius,MUS,2000,25,21.6,2016,
Mauritius,MUS,2005,23.8,21.6,2016,
Mauritius,MUS,2010,22.6,21.6,2016,
Mauritius,MUS,2011,22.6,21.6,2016,
Mauritius,MUS,2012,22.4,21.6,2016,
Mauritius,MUS,2013,22.2,21.6,2016,
Mauritius,MUS,2014,22,21.6,2016,
Mauritius,MUS,2015,21.8,21.6,2016,Africa
Mauritius,MUS,2016,21.6,21.6,2016,
Mayotte,MYT,2015,,,,Africa
Mecklenburg Schwerin,OWID_MEC,2015,,,,Europe
Mexico,MEX,2000,24,14,2016,
Mexico,MEX,2005,20.3,14,2016,
Mexico,MEX,2010,17.1,14,2016,
Mexico,MEX,2011,16.6,14,2016,
Mexico,MEX,2012,16,14,2016,
Mexico,MEX,2013,15.5,14,2016,
Mexico,MEX,2014,15,14,2016,
Mexico,MEX,2015,14.5,14,2016,North America
Mexico,MEX,2016,14,14,2016,
Micronesia (country),FSM,2015,,,,Oceania
Middle East & North Africa,,2000,18.9573345011667,19.4363394287643,2016,
Middle East & North Africa,,2005,18.4326917195029,19.4363394287643,2016,
Middle East & North Africa,,2010,18.7208897021599,19.4363394287643,2016,
Middle East & North Africa,,2011,18.7907024462245,19.4363394287643,2016,
Middle East & North Africa,,2012,18.8428797383077,19.4363394287643,2016,
Middle East & North Africa,,2013,18.9691854337668,19.4363394287643,2016,
Middle East & North Africa,,2014,19.141255578463,19.4363394287643,2016,
Middle East & North Africa,,2015,19.312383092607,19.4363394287643,2016,
Middle East & North Africa,,2016,19.4363394287643,19.4363394287643,2016,
Middle East & North Africa (IDA & IBRD),,2000,18.8924861647413,19.3854164591356,2016,
Middle East & North Africa (IDA & IBRD),,2005,18.3165913713306,19.3854164591356,2016,
Middle East & North Africa (IDA & IBRD),,2010,18.4840609335196,19.3854164591356,2016,
Middle East & North Africa (IDA & IBRD),,2011,18.5579127988008,19.3854164591356,2016,
Middle East & North Africa (IDA & IBRD),,2012,18.6392733737393,19.3854164591356,2016,
Middle East & North Africa (IDA & IBRD),,2013,18.7999796626672,19.3854164591356,2016,
Middle East & North Africa (IDA & IBRD),,2014,19.0099414415576,19.3854164591356,2016,
Middle East & North Africa (IDA & IBRD),,2015,19.2267013988706,19.3854164591356,2016,
Middle East & North Africa (IDA & IBRD),,2016,19.3854164591356,19.3854164591356,2016,
Middle East & North Africa (excluding high income),,2000,18.8924861647413,19.3854164591356,2016,
Middle East & North Africa (excluding high income),,2005,18.3165913713306,19.3854164591356,2016,
Middle East & North Africa (excluding high income),,2010,18.4840609335196,19.3854164591356,2016,
Middle East & North Africa (excluding high income),,2011,18.5579127988008,19.3854164591356,2016,
Middle East & North Africa (excluding high income),,2012,18.6392733737393,19.3854164591356,2016,
Middle East & North Africa (excluding high income),,2013,18.7999796626672,19.3854164591356,2016,
Middle East & North Africa (excluding high income),,2014,19.0099414415576,19.3854164591356,2016,
Middle East & North Africa (excluding high income),,2015,19.2267013988706,19.3854164591356,2016,
Middle East & North Africa (excluding high income),,2016,19.3854164591356,19.3854164591356,2016,
Middle income,,2000,26.734428428905,20.2802952072757,2016,
Middle income,,2005,24.2693011851656,20.2802952072757,2016,
Middle income,,2010,22.2816761685095,20.2802952072757,2016,
Middle income,,2011,21.8561527825032,20.2802952072757,2016,
Middle income,,2012,21.6004072390693,20.2802952072757,2016,
Middle income,,2013,21.2413639193074,20.2802952072757,2016,
Middle income,,2014,20.888579230937,20.2802952072757,2016,
Middle income,,2015,20.566473256033,20.2802952072757,2016,
Middle income,,2016,20.2802952072757,20.2802952072757,2016,
Modena,OWID_MOD,2015,,,,Europe
Moldova,MDA,2000,23.3,24.2,2016,
Moldova,MDA,2005,23.5,24.2,2016,
Moldova,MDA,2010,23.9,24.2,2016,
Moldova,MDA,2011,24,24.2,2016,
Moldova,MDA,2012,24,24.2,2016,
Moldova,MDA,2013,24.2,24.2,2016,
Moldova,MDA,2014,24.2,24.2,2016,
Moldova,MDA,2015,24.2,24.2,2016,Europe
Moldova,MDA,2016,24.2,24.2,2016,
Monaco,MCO,2015,,,,Europe
Mongolia,MNG,2000,32.2,25.6,2016,
Mongolia,MNG,2005,29.8,25.6,2016,
Mongolia,MNG,2010,27.8,25.6,2016,
Mongolia,MNG,2011,27.4,25.6,2016,
Mongolia,MNG,2012,27,25.6,2016,
Mongolia,MNG,2013,26.6,25.6,2016,
Mongolia,MNG,2014,26.3,25.6,2016,
Mongolia,MNG,2015,26.2,25.6,2016,Asia
Mongolia,MNG,2016,25.6,25.6,2016,
Montenegro,MNE,2000,52.7,45.9,2016,
Montenegro,MNE,2005,50.2,45.9,2016,
Montenegro,MNE,2010,48.3,45.9,2016,
Montenegro,MNE,2011,47.8,45.9,2016,
Montenegro,MNE,2012,47.4,45.9,2016,
Montenegro,MNE,2013,47,45.9,2016,
Montenegro,MNE,2014,46.7,45.9,2016,
Montenegro,MNE,2015,46.1,45.9,2016,Europe
Montenegro,MNE,2016,45.9,45.9,2016,
Montserrat,MSR,2015,,,,North America
Morocco,MAR,2000,18.7,23.4,2016,
Morocco,MAR,2005,19.2,23.4,2016,
Morocco,MAR,2010,20.6,23.4,2016,
Morocco,MAR,2011,21,23.4,2016,
Morocco,MAR,2012,21.4,23.4,2016,
Morocco,MAR,2013,21.9,23.4,2016,
Morocco,MAR,2014,22.3,23.4,2016,
Morocco,MAR,2015,22.9,23.4,2016,Africa
Morocco,MAR,2016,23.4,23.4,2016,
Mozambique,MOZ,2000,23.4,16.6,2016,
Mozambique,MOZ,2005,20.9,16.6,2016,
Mozambique,MOZ,2010,18.7,16.6,2016,
Mozambique,MOZ,2011,18.3,16.6,2016,
Mozambique,MOZ,2012,17.9,16.6,2016,
Mozambique,MOZ,2013,17.5,16.6,2016,
Mozambique,MOZ,2014,17.1,16.6,2016,
Mozambique,MOZ,2015,16.9,16.6,2016,Africa
Mozambique,MOZ,2016,16.6,16.6,2016,
Myanmar,MMR,2000,32.5,20.3,2016,
Myanmar,MMR,2005,27.7,20.3,2016,
Myanmar,MMR,2010,23.9,20.3,2016,
Myanmar,MMR,2011,23.2,20.3,2016,
Myanmar,MMR,2012,22.6,20.3,2016,
Myanmar,MMR,2013,21.9,20.3,2016,
Myanmar,MMR,2014,21.4,20.3,2016,
Myanmar,MMR,2015,20.8,20.3,2016,Asia
Myanmar,MMR,2016,20.3,20.3,2016,
Nagorno-Karabakh,OWID_NAG,2015,,,,Asia
Namibia,NAM,2000,22.3,21.4,2016,
Namibia,NAM,2005,21.8,21.4,2016,
Namibia,NAM,2010,21.5,21.4,2016,
Namibia,NAM,2011,21.5,21.4,2016,
Namibia,NAM,2012,21.4,21.4,2016,
Namibia,NAM,2013,21.4,21.4,2016,
Namibia,NAM,2014,21.4,21.4,2016,
Namibia,NAM,2015,21.5,21.4,2016,Africa
Namibia,NAM,2016,21.4,21.4,2016,
Nauru,NRU,2000,63.8,40,2016,
Nauru,NRU,2005,54.7,40,2016,
Nauru,NRU,2010,47.2,40,2016,
Nauru,NRU,2011,45.9,40,2016,
Nauru,NRU,2012,44.6,40,2016,
Nauru,NRU,2013,43.3,40,2016,
Nauru,NRU,2014,42.2,40,2016,
Nauru,NRU,2015,41,40,2016,Oceania
Nauru,NRU,2016,40,40,2016,
Nepal,NPL,2000,38.9,22.8,2016,
Nepal,NPL,2005,32.2,22.8,2016,
Nepal,NPL,2010,27.1,22.8,2016,
Nepal,NPL,2011,26.2,22.8,2016,
Nepal,NPL,2012,25.3,22.8,2016,
Nepal,NPL,2013,24.6,22.8,2016,
Nepal,NPL,2014,24,22.8,2016,
Nepal,NPL,2015,23.3,22.8,2016,Asia
Nepal,NPL,2016,22.8,22.8,2016,
Netherlands,NLD,2000,37.7,25.8,2016,
Netherlands,NLD,2005,33.2,25.8,2016,
Netherlands,NLD,2010,29.7,25.8,2016,
Netherlands,NLD,2011,28.9,25.8,2016,
Netherlands,NLD,2012,28.4,25.8,2016,
Netherlands,NLD,2013,27.7,25.8,2016,
Netherlands,NLD,2014,27,25.8,2016,
Netherlands,NLD,2015,26.4,25.8,2016,Europe
Netherlands,NLD,2016,25.8,25.8,2016,
Netherlands Antilles,ANT,2015,,,,North America
New Caledonia,NCL,2015,,,,Oceania
New Zealand,NZL,2000,29.4,16,2016,
New Zealand,NZL,2005,24.2,16,2016,
New Zealand,NZL,2010,20,16,2016,
New Zealand,NZL,2011,19.2,16,2016,
New Zealand,NZL,2012,18.5,16,2016,
New Zealand,NZL,2013,17.8,16,2016,
New Zealand,NZL,2014,17.2,16,2016,
New Zealand,NZL,2015,16.5,16,2016,Oceania
New Zealand,NZL,2016,16,16,2016,
Nicaragua,NIC,2015,,,,North America
Niger,NER,2000,6.4,7.7,2016,
Niger,NER,2005,6.7,7.7,2016,
Niger,NER,2010,7.1,7.7,2016,
Niger,NER,2011,7.2,7.7,2016,
Niger,NER,2012,7.3,7.7,2016,
Niger,NER,2013,7.4,7.7,2016,
Niger,NER,2014,7.5,7.7,2016,
Niger,NER,2015,7.6,7.7,2016,Africa
Niger,NER,2016,7.7,7.7,2016,
Nigeria,NGA,2000,7.7,5.8,2016,
Nigeria,NGA,2005,7,5.8,2016,
Nigeria,NGA,2010,6.3,5.8,2016,
Nigeria,NGA,2011,6.2,5.8,2016,
Nigeria,NGA,2012,6.1,5.8,2016,
Nigeria,NGA,2013,6.1,5.8,2016,
Nigeria,NGA,2014,5.9,5.8,2016,
Nigeria,NGA,2015,5.8,5.8,2016,Africa
Nigeria,NGA,2016,5.8,5.8,2016,
Niue,NIU,2015,,,,Oceania
Norfolk Island,NFK,2015,,,,Oceania
North America,,2000,31.0755476498748,21.0281978815116,2016,
North America,,2005,27.3812098778026,21.0281978815116,2016,
North America,,2010,24.1449063533229,21.0281978815116,2016,
North America,,2011,23.6139613054116,21.0281978815116,2016,
North America,,2012,23.1817710025051,21.0281978815116,2016,
North America,,2013,22.5802993668578,21.0281978815116,2016,
North America,,2014,22.0590542285444,21.0281978815116,2016,
North America,,2015,21.5498521636902,21.0281978815116,2016,
North America,,2016,21.0281978815116,21.0281978815116,2016,
North Korea,PRK,2015,,,,Asia
North Macedonia,MKD,2015,,,,Europe
Northern Cyprus,OWID_CYN,2015,,,,Asia
Northern Mariana Islands,MNP,2015,,,,Oceania
Norway,NOR,2000,43.1,20.2,2016,
Norway,NOR,2005,34.1,20.2,2016,
Norway,NOR,2010,26.9,20.2,2016,
Norway,NOR,2011,25.5,20.2,2016,
Norway,NOR,2012,24.4,20.2,2016,
Norway,NOR,2013,23.3,20.2,2016,
Norway,NOR,2014,22.2,20.2,2016,
Norway,NOR,2015,21.2,20.2,2016,Europe
Norway,NOR,2016,20.2,20.2,2016,
OECD members,,2000,33.4353198000626,23.6066096847681,2016,
OECD members,,2005,29.897660801304,23.6066096847681,2016,
OECD members,,2010,26.769707042411,23.6066096847681,2016,
OECD members,,2011,26.2176192398489,23.6066096847681,2016,
OECD members,,2012,25.6922013007166,23.6066096847681,2016,
OECD members,,2013,25.1396673475938,23.6066096847681,2016,
OECD members,,2014,24.6139765386156,23.6066096847681,2016,
OECD members,,2015,24.0992881647393,23.6066096847681,2016,
OECD members,,2016,23.6066096847681,23.6066096847681,2016,
Oman,OMN,2000,8.2,11.1,2016,
Oman,OMN,2005,8.5,11.1,2016,
Oman,OMN,2010,9.4,11.1,2016,
Oman,OMN,2011,9.8,11.1,2016,
Oman,OMN,2012,10.2,11.1,2016,
Oman,OMN,2013,10.6,11.1,2016,
Oman,OMN,2014,10.8,11.1,2016,
Oman,OMN,2015,11.1,11.1,2016,Asia
Oman,OMN,2016,11.1,11.1,2016,
Other small states,,2000,26.1029386531073,23.044245140381,2016,
Other small states,,2005,24.8732598794774,23.044245140381,2016,
Other small states,,2010,23.8843850281646,23.044245140381,2016,
Other small states,,2011,23.7103154721624,23.044245140381,2016,
Other small states,,2012,23.5113271374062,23.044245140381,2016,
Other small states,,2013,23.3404570014286,23.044245140381,2016,
Other small states,,2014,23.2500815944413,23.044245140381,2016,
Other small states,,2015,23.1100340379164,23.044245140381,2016,
Other small states,,2016,23.044245140381,23.044245140381,2016,
Pacific island small states,,2000,38.2629954068611,,,
Pacific island small states,,2005,33.3170741037326,,,
Pacific island small states,,2010,28.9390508428039,,,
Pacific island small states,,2011,28.0723850901327,,,
Pacific island small states,,2012,27.3634515611388,,,
Pacific island small states,,2013,26.5764045726235,,,
Pacific island small states,,2014,25.9155156950673,,,
Pakistan,PAK,2000,24.5,20.1,2016,
Pakistan,PAK,2005,22.7,20.1,2016,
Pakistan,PAK,2010,21.3,20.1,2016,
Pakistan,PAK,2011,21.1,20.1,2016,
Pakistan,PAK,2012,20.9,20.1,2016,
Pakistan,PAK,2013,20.7,20.1,2016,
Pakistan,PAK,2014,20.5,20.1,2016,
Pakistan,PAK,2015,20.3,20.1,2016,Asia
Pakistan,PAK,2016,20.1,20.1,2016,
Palau,PLW,2000,29.6,15.6,2016,
Palau,PLW,2005,24,15.6,2016,
Palau,PLW,2010,19.7,15.6,2016,
Palau,PLW,2011,19,15.6,2016,
Palau,PLW,2012,18.2,15.6,2016,
Palau,PLW,2013,17.5,15.6,2016,
Palau,PLW,2014,16.8,15.6,2016,
Palau,PLW,2015,16.1,15.6,2016,Oceania
Palau,PLW,2016,15.6,15.6,2016,
Palestine,PSE,2015,,,,Asia
Panama,PAN,2000,15,6.1,2016,
Panama,PAN,2005,11.2,6.1,2016,
Panama,PAN,2010,8.5,6.1,2016,
Panama,PAN,2011,8.1,6.1,2016,
Panama,PAN,2012,7.6,6.1,2016,
Panama,PAN,2013,7.2,6.1,2016,
Panama,PAN,2014,6.8,6.1,2016,
Panama,PAN,2015,6.5,6.1,2016,North America
Panama,PAN,2016,6.1,6.1,2016,
Papua New Guinea,PNG,2000,60.9,36.3,2016,
Papua New Guinea,PNG,2005,52.1,36.3,2016,
Papua New Guinea,PNG,2010,44.2,36.3,2016,
Papua New Guinea,PNG,2011,42.6,36.3,2016,
Papua New Guinea,PNG,2012,41.2,36.3,2016,
Papua New Guinea,PNG,2013,39.8,36.3,2016,
Papua New Guinea,PNG,2014,38.8,36.3,2016,
Papua New Guinea,PNG,2015,37.4,36.3,2016,Oceania
Papua New Guinea,PNG,2016,36.3,36.3,2016,
Paraguay,PRY,2000,30.8,13.4,2016,
Paraguay,PRY,2005,23.6,13.4,2016,
Paraguay,PRY,2010,18.3,13.4,2016,
Paraguay,PRY,2011,17.3,13.4,2016,
Paraguay,PRY,2012,16.5,13.4,2016,
Paraguay,PRY,2013,15.6,13.4,2016,
Paraguay,PRY,2014,14.9,13.4,2016,
Paraguay,PRY,2015,14.1,13.4,2016,South America
Paraguay,PRY,2016,13.4,13.4,2016,
Parma,OWID_PMA,2015,,,,Europe
Peru,PER,2000,12.1,4.8,2016,
Peru,PER,2005,9,4.8,2016,
Peru,PER,2010,6.7,4.8,2016,
Peru,PER,2011,6.3,4.8,2016,
Peru,PER,2012,6,4.8,2016,
Peru,PER,2013,5.7,4.8,2016,
Peru,PER,2014,5.4,4.8,2016,
Peru,PER,2015,5,4.8,2016,South America
Peru,PER,2016,4.8,4.8,2016,
Philippines,PHL,2000,34.4,24.3,2016,
Philippines,PHL,2005,30.6,24.3,2016,
Philippines,PHL,2010,27.6,24.3,2016,
Philippines,PHL,2011,27,24.3,2016,
Philippines,PHL,2012,26.5,24.3,2016,
Philippines,PHL,2013,25.9,24.3,2016,
Philippines,PHL,2014,25.3,24.3,2016,
Philippines,PHL,2015,24.7,24.3,2016,Asia
Philippines,PHL,2016,24.3,24.3,2016,
Pitcairn,PCN,2015,,,,Oceania
Poland,POL,2000,40.7,28,2016,
Poland,POL,2005,36,28,2016,
Poland,POL,2010,31.9,28,2016,
Poland,POL,2011,31.3,28,2016,
Poland,POL,2012,30.6,28,2016,
Poland,POL,2013,30,28,2016,
Poland,POL,2014,29.2,28,2016,
Poland,POL,2015,28.6,28,2016,Europe
Poland,POL,2016,28,28,2016,
Portugal,PRT,2000,25.9,22.7,2016,
Portugal,PRT,2005,24.8,22.7,2016,
Portugal,PRT,2010,23.7,22.7,2016,
Portugal,PRT,2011,23.5,22.7,2016,
Portugal,PRT,2012,23.3,22.7,2016,
Portugal,PRT,2013,23.1,22.7,2016,
Portugal,PRT,2014,23,22.7,2016,
Portugal,PRT,2015,22.9,22.7,2016,Europe
Portugal,PRT,2016,22.7,22.7,2016,
Post-demographic dividend,,2000,33.782096211303,24.523833061823,2016,
Post-demographic dividend,,2005,30.4280581119582,24.523833061823,2016,
Post-demographic dividend,,2010,27.4985993553514,24.523833061823,2016,
Post-demographic dividend,,2011,26.9693486097302,24.523833061823,2016,
Post-demographic dividend,,2012,26.4944707796233,24.523833061823,2016,
Post-demographic dividend,,2013,25.9597855741405,24.523833061823,2016,
Post-demographic dividend,,2014,25.4713863981379,24.523833061823,2016,
Post-demographic dividend,,2015,24.9977251708504,24.523833061823,2016,
Post-demographic dividend,,2016,24.523833061823,24.523833061823,2016,
Puerto Rico,PRI,2015,,,,North America
Qatar,QAT,2000,16.5,20.6,2016,
Qatar,QAT,2005,17.4,20.6,2016,
Qatar,QAT,2010,20.1,20.6,2016,
Qatar,QAT,2011,20.3,20.6,2016,
Qatar,QAT,2012,20.2,20.6,2016,
Qatar,QAT,2013,20.3,20.6,2016,
Qatar,QAT,2014,20.4,20.6,2016,
Qatar,QAT,2015,20.4,20.6,2016,Asia
Qatar,QAT,2016,20.6,20.6,2016,
Republic of Vietnam,OWID_RVN,2015,,,,Asia
Reunion,REU,2015,,,,Africa
Romania,ROU,2000,39.6,29.7,2016,
Romania,ROU,2005,36,29.7,2016,
Romania,ROU,2010,32.8,29.7,2016,
Romania,ROU,2011,32.3,29.7,2016,
Romania,ROU,2012,31.7,29.7,2016,
Romania,ROU,2013,31.1,29.7,2016,
Romania,ROU,2014,30.6,29.7,2016,
Romania,ROU,2015,30.1,29.7,2016,Europe
Romania,ROU,2016,29.7,29.7,2016,
Russia,RUS,2000,42.8,39.3,2016,
Russia,RUS,2005,41.5,39.3,2016,
Russia,RUS,2010,40.3,39.3,2016,
Russia,RUS,2011,40.2,39.3,2016,
Russia,RUS,2012,40.1,39.3,2016,
Russia,RUS,2013,39.8,39.3,2016,
Russia,RUS,2014,39.7,39.3,2016,
Russia,RUS,2015,39.5,39.3,2016,Europe
Russia,RUS,2016,39.3,39.3,2016,
Rwanda,RWA,2000,17.8,12.3,2016,
Rwanda,RWA,2005,15.7,12.3,2016,
Rwanda,RWA,2010,13.9,12.3,2016,
Rwanda,RWA,2011,13.7,12.3,2016,
Rwanda,RWA,2012,13.3,12.3,2016,
Rwanda,RWA,2013,13.1,12.3,2016,
Rwanda,RWA,2014,12.8,12.3,2016,
Rwanda,RWA,2015,12.5,12.3,2016,Africa
Rwanda,RWA,2016,12.3,12.3,2016,
Saint Barthlemy,BLM,2015,,,,North America
Saint Helena,SHN,2015,,,,Africa
Saint Kitts and Nevis,KNA,2015,,,,North America
Saint Lucia,LCA,2015,,,,North America
Saint Martin (French part),MAF,2015,,,,North America
Saint Pierre and Miquelon,SPM,2015,,,,North America
Saint Vincent and the Grenadines,VCT,2015,,,,North America
Samoa,WSM,2000,45.1,27.7,2016,
Samoa,WSM,2005,38.5,27.7,2016,
Samoa,WSM,2010,33,27.7,2016,
Samoa,WSM,2011,32,27.7,2016,
Samoa,WSM,2012,31,27.7,2016,
Samoa,WSM,2013,30.2,27.7,2016,
Samoa,WSM,2014,29.4,27.7,2016,
Samoa,WSM,2015,28.5,27.7,2016,Oceania
Samoa,WSM,2016,27.7,27.7,2016,
San Marino,SMR,2015,,,,Europe
Sao Tome and Principe,STP,2015,,,,Africa
Saudi Arabia,SAU,2000,14.5,15.6,2016,
Saudi Arabia,SAU,2005,14.6,15.6,2016,
Saudi Arabia,SAU,2010,15.1,15.6,2016,
Saudi Arabia,SAU,2011,15.3,15.6,2016,
Saudi Arabia,SAU,2012,15.2,15.6,2016,
Saudi Arabia,SAU,2013,15.3,15.6,2016,
Saudi Arabia,SAU,2014,15.5,15.6,2016,
Saudi Arabia,SAU,2015,15.6,15.6,2016,Asia
Saudi Arabia,SAU,2016,15.6,15.6,2016,
Saxony,OWID_SAX,2015,,,,Europe
Senegal,SEN,2000,10.9,8.2,2016,
Senegal,SEN,2005,9.9,8.2,2016,
Senegal,SEN,2010,9,8.2,2016,
Senegal,SEN,2011,8.8,8.2,2016,
Senegal,SEN,2012,8.7,8.2,2016,
Senegal,SEN,2013,8.5,8.2,2016,
Senegal,SEN,2014,8.4,8.2,2016,
Senegal,SEN,2015,8.3,8.2,2016,Africa
Senegal,SEN,2016,8.2,8.2,2016,
Serbia,SRB,2000,48.7,38.9,2016,
Serbia,SRB,2005,45.3,38.9,2016,
Serbia,SRB,2010,42.1,38.9,2016,
Serbia,SRB,2011,41.7,38.9,2016,
Serbia,SRB,2012,40.9,38.9,2016,
Serbia,SRB,2013,40.4,38.9,2016,
Serbia,SRB,2014,40,38.9,2016,
Serbia,SRB,2015,39.4,38.9,2016,Europe
Serbia,SRB,2016,38.9,38.9,2016,
Serbia and Montenegro,OWID_SRM,2015,,,,Europe
Serbia excluding Kosovo,OWID_SEK,2015,,,,Europe
Seychelles,SYC,2000,25.1,21.5,2016,
Seychelles,SYC,2005,23.9,21.5,2016,
Seychelles,SYC,2010,22.9,21.5,2016,
Seychelles,SYC,2011,22.7,21.5,2016,
Seychelles,SYC,2012,22.5,21.5,2016,
Seychelles,SYC,2013,22.3,21.5,2016,
Seychelles,SYC,2014,21.9,21.5,2016,
Seychelles,SYC,2015,21.7,21.5,2016,Africa
Seychelles,SYC,2016,21.5,21.5,2016,
Sierra Leone,SLE,2000,42.2,24.8,2016,
Sierra Leone,SLE,2005,34.9,24.8,2016,
Sierra Leone,SLE,2010,29.4,24.8,2016,
Sierra Leone,SLE,2011,28.6,24.8,2016,
Sierra Leone,SLE,2012,27.6,24.8,2016,
Sierra Leone,SLE,2013,26.9,24.8,2016,
Sierra Leone,SLE,2014,26.3,24.8,2016,
Sierra Leone,SLE,2015,25.4,24.8,2016,Africa
Sierra Leone,SLE,2016,24.8,24.8,2016,
Singapore,SGP,2000,16.3,16.5,2016,
Singapore,SGP,2005,16.3,16.5,2016,
Singapore,SGP,2010,16.4,16.5,2016,
Singapore,SGP,2011,16.4,16.5,2016,
Singapore,SGP,2012,16.3,16.5,2016,
Singapore,SGP,2013,16.5,16.5,2016,
Singapore,SGP,2014,16.5,16.5,2016,
Singapore,SGP,2015,16.5,16.5,2016,Asia
Singapore,SGP,2016,16.5,16.5,2016,
Sint Maarten (Dutch part),SXM,2015,,,,North America
Slovakia,SVK,2000,32.1,30.1,2016,
Slovakia,SVK,2005,31.2,30.1,2016,
Slovakia,SVK,2010,30.4,30.1,2016,
Slovakia,SVK,2011,30.4,30.1,2016,
Slovakia,SVK,2012,30.3,30.1,2016,
Slovakia,SVK,2013,30.1,30.1,2016,
Slovakia,SVK,2014,30.1,30.1,2016,
Slovakia,SVK,2015,30.1,30.1,2016,Europe
Slovakia,SVK,2016,30.1,30.1,2016,
Slovenia,SVN,2000,26.8,22.5,2016,
Slovenia,SVN,2005,25.3,22.5,2016,
Slovenia,SVN,2010,24,22.5,2016,
Slovenia,SVN,2011,23.9,22.5,2016,
Slovenia,SVN,2012,23.5,22.5,2016,
Slovenia,SVN,2013,23.3,22.5,2016,
Slovenia,SVN,2014,23,22.5,2016,
Slovenia,SVN,2015,22.8,22.5,2016,Europe
Slovenia,SVN,2016,22.5,22.5,2016,
Small states,,2000,25.9706545678256,22.2227697713479,2016,
Small states,,2005,24.4689971284929,22.2227697713479,2016,
Small states,,2010,23.255665384497,22.2227697713479,2016,
Small states,,2011,23.0477622119166,22.2227697713479,2016,
Small states,,2012,22.8219014971815,22.2227697713479,2016,
Small states,,2013,22.6248292383013,22.2227697713479,2016,
Small states,,2014,22.4910752607813,22.2227697713479,2016,
Small states,,2015,22.3208437045982,22.2227697713479,2016,
Small states,,2016,22.2227697713479,22.2227697713479,2016,
Solomon Islands,SLB,2015,,,,Oceania
Somalia,SOM,2015,,,,Africa
Somaliland,OWID_SML,2015,,,,Africa
South Africa,ZAF,2000,22.7,20.3,2016,
South Africa,ZAF,2005,21.8,20.3,2016,
South Africa,ZAF,2010,21,20.3,2016,
South Africa,ZAF,2011,20.9,20.3,2016,
South Africa,ZAF,2012,20.8,20.3,2016,
South Africa,ZAF,2013,20.6,20.3,2016,
South Africa,ZAF,2014,20.5,20.3,2016,
South Africa,ZAF,2015,20.5,20.3,2016,Africa
South Africa,ZAF,2016,20.3,20.3,2016,
South Asia,,2000,22.6860480700008,13.6889433345286,2016,
South Asia,,2005,19.0705037219875,13.6889433345286,2016,
South Asia,,2010,16.2392666387593,13.6889433345286,2016,
South Asia,,2011,15.6950095460076,13.6889433345286,2016,
South Asia,,2012,15.3161797933389,13.6889433345286,2016,
South Asia,,2013,14.8647468182923,13.6889433345286,2016,
South Asia,,2014,14.4034979214858,13.6889433345286,2016,
South Asia,,2015,14.0413674096523,13.6889433345286,2016,
South Asia,,2016,13.6889433345286,13.6889433345286,2016,
South Asia (IDA & IBRD),,2000,22.6860480700008,13.6889433345286,2016,
South Asia (IDA & IBRD),,2005,19.0705037219875,13.6889433345286,2016,
South Asia (IDA & IBRD),,2010,16.2392666387593,13.6889433345286,2016,
South Asia (IDA & IBRD),,2011,15.6950095460076,13.6889433345286,2016,
South Asia (IDA & IBRD),,2012,15.3161797933389,13.6889433345286,2016,
South Asia (IDA & IBRD),,2013,14.8647468182923,13.6889433345286,2016,
South Asia (IDA & IBRD),,2014,14.4034979214858,13.6889433345286,2016,
South Asia (IDA & IBRD),,2015,14.0413674096523,13.6889433345286,2016,
South Asia (IDA & IBRD),,2016,13.6889433345286,13.6889433345286,2016,
South Georgia and the South Sandwich Islands,SGS,2015,,,,South America
South Korea,KOR,2000,34.3,23.3,2016,
South Korea,KOR,2005,30.2,23.3,2016,
South Korea,KOR,2010,26.9,23.3,2016,
South Korea,KOR,2011,26.2,23.3,2016,
South Korea,KOR,2012,25.6,23.3,2016,
South Korea,KOR,2013,25,23.3,2016,
South Korea,KOR,2014,24.5,23.3,2016,
South Korea,KOR,2015,23.9,23.3,2016,Asia
South Korea,KOR,2016,23.3,23.3,2016,
South Ossetia,OWID_SOS,2015,,,,Asia
South Sudan,SSD,2015,,,,Africa
Spain,ESP,2000,39.5,29.3,2016,
Spain,ESP,2005,35.8,29.3,2016,
Spain,ESP,2010,32.7,29.3,2016,
Spain,ESP,2011,32.1,29.3,2016,
Spain,ESP,2012,31.5,29.3,2016,
Spain,ESP,2013,30.9,29.3,2016,
Spain,ESP,2014,30.4,29.3,2016,
Spain,ESP,2015,29.7,29.3,2016,Europe
Spain,ESP,2016,29.3,29.3,2016,
Sri Lanka,LKA,2000,16.5,13,2016,
Sri Lanka,LKA,2005,15.2,13,2016,
Sri Lanka,LKA,2010,14,13,2016,
Sri Lanka,LKA,2011,13.8,13,2016,
Sri Lanka,LKA,2012,13.6,13,2016,
Sri Lanka,LKA,2013,13.5,13,2016,
Sri Lanka,LKA,2014,13.2,13,2016,
Sri Lanka,LKA,2015,13.2,13,2016,Asia
Sri Lanka,LKA,2016,13,13,2016,
Sub-Saharan Africa,,2000,13.4585491472518,10.2177122461682,2016,
Sub-Saharan Africa,,2005,12.2173797136574,10.2177122461682,2016,
Sub-Saharan Africa,,2010,11.1432029194076,10.2177122461682,2016,
Sub-Saharan Africa,,2011,10.9603379063931,10.2177122461682,2016,
Sub-Saharan Africa,,2012,10.8023811044889,10.2177122461682,2016,
Sub-Saharan Africa,,2013,10.6441267172536,10.2177122461682,2016,
Sub-Saharan Africa,,2014,10.4762713707846,10.2177122461682,2016,
Sub-Saharan Africa,,2015,10.338956567727,10.2177122461682,2016,
Sub-Saharan Africa,,2016,10.2177122461682,10.2177122461682,2016,
Sub-Saharan Africa (IDA & IBRD),,2000,13.4585491472518,10.2177122461682,2016,
Sub-Saharan Africa (IDA & IBRD),,2005,12.2173797136573,10.2177122461682,2016,
Sub-Saharan Africa (IDA & IBRD),,2010,11.1432029194076,10.2177122461682,2016,
Sub-Saharan Africa (IDA & IBRD),,2011,10.9603379063931,10.2177122461682,2016,
Sub-Saharan Africa (IDA & IBRD),,2012,10.8023811044889,10.2177122461682,2016,
Sub-Saharan Africa (IDA & IBRD),,2013,10.6441267172536,10.2177122461682,2016,
Sub-Saharan Africa (IDA & IBRD),,2014,10.4762713707846,10.2177122461682,2016,
Sub-Saharan Africa (IDA & IBRD),,2015,10.338956567727,10.2177122461682,2016,
Sub-Saharan Africa (IDA & IBRD),,2016,10.2177122461682,10.2177122461682,2016,
Sub-Saharan Africa (excluding high income),,2000,13.4562067936017,10.2158595809732,2016,
Sub-Saharan Africa (excluding high income),,2005,12.2151405701248,10.2158595809732,2016,
Sub-Saharan Africa (excluding high income),,2010,11.1410250450276,10.2158595809732,2016,
Sub-Saharan Africa (excluding high income),,2011,10.9582679468376,10.2158595809732,2016,
Sub-Saharan Africa (excluding high income),,2012,10.8003494767961,10.2158595809732,2016,
Sub-Saharan Africa (excluding high income),,2013,10.6421205734175,10.2158595809732,2016,
Sub-Saharan Africa (excluding high income),,2014,10.4743334808726,10.2158595809732,2016,
Sub-Saharan Africa (excluding high income),,2015,10.33704893387,10.2158595809732,2016,
Sub-Saharan Africa (excluding high income),,2016,10.2158595809732,10.2158595809732,2016,
Sudan,SDN,2015,,,,Africa
Suriname,SUR,2000,50,25,2016,
Suriname,SUR,2005,41.3,25,2016,
Suriname,SUR,2010,33.1,25,2016,
Suriname,SUR,2011,31.5,25,2016,
Suriname,SUR,2012,30.1,25,2016,
Suriname,SUR,2013,28.7,25,2016,
Suriname,SUR,2014,27.5,25,2016,
Suriname,SUR,2015,26.2,25,2016,South America
Suriname,SUR,2016,25,25,2016,
Svalbard and Jan Mayen,SJM,2015,,,,Europe
Sweden,SWE,2000,32.3,18.8,2016,
Sweden,SWE,2005,27.4,18.8,2016,
Sweden,SWE,2010,23.1,18.8,2016,
Sweden,SWE,2011,22.3,18.8,2016,
Sweden,SWE,2012,21.6,18.8,2016,
Sweden,SWE,2013,20.9,18.8,2016,
Sweden,SWE,2014,20.1,18.8,2016,
Sweden,SWE,2015,19.5,18.8,2016,Europe
Sweden,SWE,2016,18.8,18.8,2016,
Switzerland,CHE,2000,31.2,25.7,2016,
Switzerland,CHE,2005,29.2,25.7,2016,
Switzerland,CHE,2010,27.7,25.7,2016,
Switzerland,CHE,2011,27.2,25.7,2016,
Switzerland,CHE,2012,27,25.7,2016,
Switzerland,CHE,2013,26.7,25.7,2016,
Switzerland,CHE,2014,26.3,25.7,2016,
Switzerland,CHE,2015,26.1,25.7,2016,Europe
Switzerland,CHE,2016,25.7,25.7,2016,
Syria,SYR,2015,,,,Asia
Taiwan,TWN,2015,,,,Asia
Tajikistan,TJK,2015,,,,Asia
Tanzania,TZA,2000,22.3,14.8,2016,
Tanzania,TZA,2005,19.5,14.8,2016,
Tanzania,TZA,2010,17.1,14.8,2016,
Tanzania,TZA,2011,16.6,14.8,2016,
Tanzania,TZA,2012,16.2,14.8,2016,
Tanzania,TZA,2013,15.9,14.8,2016,
Tanzania,TZA,2014,15.4,14.8,2016,
Tanzania,TZA,2015,15.2,14.8,2016,Africa
Tanzania,TZA,2016,14.8,14.8,2016,
Thailand,THA,2000,24.9,19.9,2016,
Thailand,THA,2005,23.2,19.9,2016,
Thailand,THA,2010,21.7,19.9,2016,
Thailand,THA,2011,21.3,19.9,2016,
Thailand,THA,2012,21,19.9,2016,
Thailand,THA,2013,20.8,19.9,2016,
Thailand,THA,2014,20.6,19.9,2016,
Thailand,THA,2015,20.1,19.9,2016,Asia
Thailand,THA,2016,19.9,19.9,2016,
Timor,TLS,2000,51.8,42.6,2016,
Timor,TLS,2005,49.7,42.6,2016,
Timor,TLS,2010,46.8,42.6,2016,
Timor,TLS,2011,46,42.6,2016,
Timor,TLS,2012,45.2,42.6,2016,
Timor,TLS,2013,44.6,42.6,2016,
Timor,TLS,2014,44.1,42.6,2016,
Timor,TLS,2015,43.2,42.6,2016,Asia
Timor,TLS,2016,42.6,42.6,2016,
Togo,TGO,2000,10,7.4,2016,
Togo,TGO,2005,8.9,7.4,2016,
Togo,TGO,2010,8.1,7.4,2016,
Togo,TGO,2011,8,7.4,2016,
Togo,TGO,2012,7.8,7.4,2016,
Togo,TGO,2013,7.7,7.4,2016,
Togo,TGO,2014,7.6,7.4,2016,
Togo,TGO,2015,7.4,7.4,2016,Africa
Togo,TGO,2016,7.4,7.4,2016,
Tokelau,TKL,2015,,,,Oceania
Tonga,TON,2000,36.3,27.9,2016,
Tonga,TON,2005,33,27.9,2016,
Tonga,TON,2010,30.3,27.9,2016,
Tonga,TON,2011,29.9,27.9,2016,
Tonga,TON,2012,29.4,27.9,2016,
Tonga,TON,2013,29.1,27.9,2016,
Tonga,TON,2014,28.6,27.9,2016,
Tonga,TON,2015,28.3,27.9,2016,Oceania
Tonga,TON,2016,27.9,27.9,2016,
Transnistria,OWID_TRS,2015,,,,Europe
Trinidad and Tobago,TTO,2015,,,,North America
Tunisia,TUN,2000,31.8,32.7,2016,
Tunisia,TUN,2005,31.1,32.7,2016,
Tunisia,TUN,2010,31.7,32.7,2016,
Tunisia,TUN,2011,31.8,32.7,2016,
Tunisia,TUN,2012,31.9,32.7,2016,
Tunisia,TUN,2013,32.1,32.7,2016,
Tunisia,TUN,2014,32.4,32.7,2016,
Tunisia,TUN,2015,32.6,32.7,2016,Africa
Tunisia,TUN,2016,32.7,32.7,2016,
Turkey,TUR,2000,38.4,27.2,2016,
Turkey,TUR,2005,34.4,27.2,2016,
Turkey,TUR,2010,30.8,27.2,2016,
Turkey,TUR,2011,30.2,27.2,2016,
Turkey,TUR,2012,29.5,27.2,2016,
Turkey,TUR,2013,29,27.2,2016,
Turkey,TUR,2014,28.4,27.2,2016,
Turkey,TUR,2015,27.7,27.2,2016,Asia
Turkey,TUR,2016,27.2,27.2,2016,
Turkmenistan,TKM,2015,,,,Asia
Turks and Caicos Islands,TCA,2015,,,,North America
Tuscany,OWID_TUS,2015,,,,Europe
Tuvalu,TUV,2015,,,,Oceania
Two Sicilies,OWID_SIC,2015,,,,Europe
USSR,OWID_USS,2015,,,,Europe
Uganda,UGA,2000,17.1,10,2016,
Uganda,UGA,2005,14.4,10,2016,
Uganda,UGA,2010,12.2,10,2016,
Uganda,UGA,2011,11.8,10,2016,
Uganda,UGA,2012,11.4,10,2016,
Uganda,UGA,2013,11,10,2016,
Uganda,UGA,2014,10.7,10,2016,
Uganda,UGA,2015,10.3,10,2016,Africa
Uganda,UGA,2016,10,10,2016,
Ukraine,UKR,2000,36,28.9,2016,
Ukraine,UKR,2005,33.6,28.9,2016,
Ukraine,UKR,2010,31.4,28.9,2016,
Ukraine,UKR,2011,31,28.9,2016,
Ukraine,UKR,2012,30.6,28.9,2016,
Ukraine,UKR,2013,30.2,28.9,2016,
Ukraine,UKR,2014,29.8,28.9,2016,
Ukraine,UKR,2015,29.4,28.9,2016,Europe
Ukraine,UKR,2016,28.9,28.9,2016,
United Arab Emirates,ARE,2000,25.2,28.9,2016,
United Arab Emirates,ARE,2005,26.3,28.9,2016,
United Arab Emirates,ARE,2010,28.2,28.9,2016,
United Arab Emirates,ARE,2011,28.2,28.9,2016,
United Arab Emirates,ARE,2012,28.5,28.9,2016,
United Arab Emirates,ARE,2013,28.6,28.9,2016,
United Arab Emirates,ARE,2014,28.6,28.9,2016,
United Arab Emirates,ARE,2015,28.6,28.9,2016,Asia
United Arab Emirates,ARE,2016,28.9,28.9,2016,
United Kingdom,GBR,2000,38.2,22.3,2016,
United Kingdom,GBR,2005,32.3,22.3,2016,
United Kingdom,GBR,2010,27.2,22.3,2016,
United Kingdom,GBR,2011,26.3,22.3,2016,
United Kingdom,GBR,2012,25.5,22.3,2016,
United Kingdom,GBR,2013,24.6,22.3,2016,
United Kingdom,GBR,2014,23.7,22.3,2016,
United Kingdom,GBR,2015,23.1,22.3,2016,Europe
United Kingdom,GBR,2016,22.3,22.3,2016,
United Korea,OWID_KRU,2015,,,,Asia
United States,USA,2000,31.4,21.8,2016,
United States,USA,2005,27.9,21.8,2016,
United States,USA,2010,24.8,21.8,2016,
United States,USA,2011,24.3,21.8,2016,
United States,USA,2012,23.9,21.8,2016,
United States,USA,2013,23.3,21.8,2016,
United States,USA,2014,22.8,21.8,2016,
United States,USA,2015,22.3,21.8,2016,North America
United States,USA,2016,21.8,21.8,2016,
United States Minor Outlying Islands,UMI,2015,,,,Oceania
United States Virgin Islands,VIR,2015,,,,North America
Upper middle income,,2000,29.6063037202032,23.2740451510406,2016,
Upper middle income,,2005,27.3034514966144,23.2740451510406,2016,
Upper middle income,,2010,25.3314177384648,23.2740451510406,2016,
Upper middle income,,2011,24.9069300928587,23.2740451510406,2016,
Upper middle income,,2012,24.6907138698603,23.2740451510406,2016,
Upper middle income,,2013,24.3155044825576,23.2740451510406,2016,
Upper middle income,,2014,23.9478409305237,23.2740451510406,2016,
Upper middle income,,2015,23.5717598269311,23.2740451510406,2016,
Upper middle income,,2016,23.2740451510406,23.2740451510406,2016,
Uruguay,URY,2000,52.7,16.8,2016,
Uruguay,URY,2005,36.7,16.8,2016,
Uruguay,URY,2010,25.7,16.8,2016,
Uruguay,URY,2011,23.9,16.8,2016,
Uruguay,URY,2012,22.3,16.8,2016,
Uruguay,URY,2013,20.8,16.8,2016,
Uruguay,URY,2014,19.3,16.8,2016,
Uruguay,URY,2015,18.1,16.8,2016,South America
Uruguay,URY,2016,16.8,16.8,2016,
Uzbekistan,UZB,2000,15.8,12.6,2016,
Uzbekistan,UZB,2005,14.6,12.6,2016,
Uzbekistan,UZB,2010,13.7,12.6,2016,
Uzbekistan,UZB,2011,13.5,12.6,2016,
Uzbekistan,UZB,2012,13.3,12.6,2016,
Uzbekistan,UZB,2013,13.2,12.6,2016,
Uzbekistan,UZB,2014,13,12.6,2016,
Uzbekistan,UZB,2015,12.8,12.6,2016,Asia
Uzbekistan,UZB,2016,12.6,12.6,2016,
Vanuatu,VUT,2000,31.9,18.6,2016,
Vanuatu,VUT,2005,26.9,18.6,2016,
Vanuatu,VUT,2010,22.4,18.6,2016,
Vanuatu,VUT,2011,21.7,18.6,2016,
Vanuatu,VUT,2012,21.1,18.6,2016,
Vanuatu,VUT,2013,20.4,18.6,2016,
Vanuatu,VUT,2014,19.8,18.6,2016,
Vanuatu,VUT,2015,19.2,18.6,2016,Oceania
Vanuatu,VUT,2016,18.6,18.6,2016,
Vatican,VAT,2015,,,,Europe
Venezuela,VEN,2015,,,,South America
Vietnam,VNM,2000,25.1,22.8,2016,
Vietnam,VNM,2005,24.3,22.8,2016,
Vietnam,VNM,2010,23.7,22.8,2016,
Vietnam,VNM,2011,23.4,22.8,2016,
Vietnam,VNM,2012,23.5,22.8,2016,
Vietnam,VNM,2013,23.2,22.8,2016,
Vietnam,VNM,2014,23.1,22.8,2016,
Vietnam,VNM,2015,23.1,22.8,2016,Asia
Vietnam,VNM,2016,22.8,22.8,2016,
Wallis and Futuna,WLF,2015,,,,Oceania
West Germany,OWID_GFR,2015,,,,Europe
Western Sahara,ESH,2015,,,,Africa
World,OWID_WRL,2000,27.7109328165436,20.4755174405242,2016,
World,OWID_WRL,2005,24.9663613204615,20.4755174405242,2016,
World,OWID_WRL,2010,22.7272909662624,20.4755174405242,2016,
World,OWID_WRL,2011,22.2689240257811,20.4755174405242,2016,
World,OWID_WRL,2012,21.9549089357552,20.4755174405242,2016,
World,OWID_WRL,2013,21.5518754617505,20.4755174405242,2016,
World,OWID_WRL,2014,21.1641783895655,20.4755174405242,2016,
World,OWID_WRL,2015,20.8031696747223,20.4755174405242,2016,
World,OWID_WRL,2016,20.4755174405242,20.4755174405242,2016,
Wuerttemburg,OWID_WRT,2015,,,,Europe
Yemen,YEM,2000,23.3,18.4,2016,
Yemen,YEM,2005,21.4,18.4,2016,
Yemen,YEM,2010,19.9,18.4,2016,
Yemen,YEM,2011,19.6,18.4,2016,
Yemen,YEM,2012,19.5,18.4,2016,
Yemen,YEM,2013,19,18.4,2016,
Yemen,YEM,2014,18.9,18.4,2016,
Yemen,YEM,2015,18.7,18.4,2016,Asia
Yemen,YEM,2016,18.4,18.4,2016,
Yemen Arab Republic,OWID_YAR,2015,,,,Asia
Yemen People's Republic,OWID_YPR,2015,,,,Asia
Yugoslavia,OWID_YGS,2015,,,,Europe
Zambia,ZMB,2000,18,13.8,2016,
Zambia,ZMB,2005,16.6,13.8,2016,
Zambia,ZMB,2010,15.2,13.8,2016,
Zambia,ZMB,2011,14.9,13.8,2016,
Zambia,ZMB,2012,14.7,13.8,2016,
Zambia,ZMB,2013,14.4,13.8,2016,
Zambia,ZMB,2014,14.3,13.8,2016,
Zambia,ZMB,2015,14,13.8,2016,Africa
Zambia,ZMB,2016,13.8,13.8,2016,
Zanzibar,OWID_ZAN,2015,,,,Africa
Zimbabwe,ZWE,2000,18,15.8,2016,
Zimbabwe,ZWE,2005,17.1,15.8,2016,
Zimbabwe,ZWE,2010,16.4,15.8,2016,
Zimbabwe,ZWE,2011,16.4,15.8,2016,
Zimbabwe,ZWE,2012,16.2,15.8,2016,
Zimbabwe,ZWE,2013,16.1,15.8,2016,
Zimbabwe,ZWE,2014,16,15.8,2016,
Zimbabwe,ZWE,2015,15.9,15.8,2016,Africa
Zimbabwe,ZWE,2016,15.8,15.8,2016,
land Islands,ALA,2015,,,,Europe